barbarapompili,delphinebatho,stanguerini,gilbertcollard,fderugy,oliviagregoire,lachaudb,sylviapinel,bretonxavier,aquatennens,mauriceleroy,brunobonnelloff,faureolivier,yvesjego,francois_ruffin,alexiscorbiere,dupontaignan,b_perrut,auroreberge,duboismarianne,valerie_rabault,robinreda,phgosselin,sebchenu,olivierveran,franckriester,jeanlassalle,solere92,damienabad,dbaichere,ericwoerth,yfavennec,carolinefiat54,eciotti,richardferrand,sophie_auconie,emenard34,ericcoquerel,mathildepanot,juanico,sergeletchimy,g_peltier,marinebrenier,valerieboyer13,fm_lambert,slefoll,mlp_officiel,phdumont,pybournazel,villanicedric,claudegoasguen,guyteissier,clem_autain,ebareigts,glarrive,jlmelenchon,louis_aliot,sylvainmaillard,gillescarrez,constancelegrip,olivierdussopt,pierr_person,ugobernalicis,sebastienhuyghe,dfasquelle,luccarvounas,ademontchalin,jclagarde,c_decourson,guillaumegarot,s_trompille,gabrielattal,pau_langevin,andrechassaigne,sach_he,lauredlr,desarnez,brigitte_kuster,vigierphilippe,laetitiaavia,marclefur,dubymuller,le_figaro,pcf,libe,20minutes,franceinsoumise,mediapart,atlantico_fr,le_parisien,eelv,rue89,partisocialiste,lobs,enmarchefr,lexpress,fn_officiel,lesechos,lesrepublicains,slatefr,lepoint
1.6133336113613985,-0.28859151953926143,0.6795807222704765,1.4277052359005025,-0.2129300888354885,-0.3832159685302655,-0.4449580536606076,0.8940097967028279,-0.7753195377471076,1.7332559986367828,-0.030341979217485007,0.7390828188756188,-0.5822523359576585,0.11505261102814064,0.06827741680419616,0.8232322352825816,-0.8929136377043527,1.1091572892742685,0.1210295922409231,-0.3626510255433428,1.113586857137391,-0.39432489391191095,0.27144284290484116,-0.2843537501989428,1.2293953972538663,-0.14916829142651802,1.359816457384822,0.028417876703929205,1.3865301600667097,1.5565664815273967,0.8606386354762862,-0.03593844433723853,1.3502349245335041,0.2561635472875803,0.2194890787024796,1.0191153766941625,-0.7979903680763619,0.5015892102118249,-0.14096387265992705,-0.5076716227159732,1.1519049981850416,0.9280463283431144,-0.5104475877633845,1.1012260774076408,1.2418194009373573,0.4296091682864909,-0.619057741653741,1.4782849837891328,0.3676768773630156,-0.12097357529306442,-0.2508121428059647,0.26616486875996814,0.8463229868389031,-0.07566394196363367,0.17231709264042827,0.8309814973320084,0.06849444575976814,0.8543053414139739,0.789241649492868,0.41238527827847243,1.8007614567382255,1.4405765216040496,0.04743127568620597,1.3552474852208876,1.0772475257374334,1.6798264413517097,2.214425360266223,-0.8306797982418447,0.7409796553547133,-0.4196619745218043,1.7922911674806874,1.0206916135962758,1.429608261190301,-0.13761303865941496,-0.6617594109902896,1.1240919777099114,1.2757406847478259,0.5221748797701053,0.9909902744048997,0.8761949016746338,2.1585941070520347,1.086602216962814,0.3572235889804968,0.26860899553876505,0.7106839844219883,0.06904710117419718,0.534700748127225,0.6273342251179234,1.256375646501487,1.9579716319015479,1.071314387250652,-0.8591308482016133,0.947329881010961,-6.594583386242253e-05,1.7861078395674208,1.5587239765529752,-0.27624754427861253,-1.8031794388892683,0.14118859918643,1.5295919700860556,0.5614958212608375
-0.7711007098884061,-1.3999988965218628,1.8424661672205973,-0.7510243608551334,2.409731388841417,0.8286304389326649,-0.14201036468398714,-0.898827973665403,3.0246645753081767,-1.2188465402844972,0.6392771202881534,-0.9625833115775082,-1.2743143217518533,0.5857182531805312,-0.6988921460670833,-2.137414087856307,0.8047784323469269,0.10629290403474873,0.38445885174623506,-1.4978285975048675,0.4453741489021056,-3.33407190047191,0.12906371527607852,0.39532484978090576,-0.8034440652549801,0.6427875279576145,-2.0692524015538067,-0.22777134120560827,-0.7011805516421175,0.14581285941553393,2.272392188606872,1.6849974548300601,-2.7830082184209712,-0.8330675446818719,-2.018839301917177,-1.1938096519226293,0.9025263075320031,-0.8833232834060665,1.0748734485363163,-2.9300462121743256,-2.497785904333083,2.2251976019186195,0.9217465562518831,-0.01259724426114913,-0.4968371828804039,-0.9188029889299517,0.3889250208621358,0.1362842951991716,-0.6443072185819703,2.142119158760019,-0.58097981393332,0.2953025276071255,-0.10786089502891252,0.9849952969986283,1.0746349333322132,0.9430455329052446,-0.2128024803573281,0.612404527026203,1.302528948720306,0.4481486353750814,-0.6974537814084096,0.7955647190339139,0.12646618437292087,-2.2485415177096884,-0.2913917193585362,0.852658446896459,0.28416828642806413,0.36131985376117215,0.14706307248789305,-1.6172686613034135,0.4854698077606628,0.5501168418073912,-2.937519583159078,0.2955984682799604,1.5413523981630035,-0.24963612242000072,0.8864724876256156,-1.6445066332648741,-2.1794894264185367,-2.7014608189495655,-2.4179443408944072,0.5884133706259108,0.1877688778660747,-0.6445488993744825,-0.5492226926639768,2.229847626804633,-0.5381435559691469,-2.5476476791431293,0.9656732032373078,-0.8076581630465978,-2.1154870507589805,-0.6730194753947077,0.3365606009803244,-1.7289648518960155,0.8381997023870803,-1.7576908780751206,1.0162702934523138,-0.3411234778927828,1.755912312977562,-2.495307086108468,-1.5927916904606938
0.5320752550358104,0.35169172191222625,1.6814278574804622,-0.3784444938112848,0.08319192723053455,-0.025650907478614482,1.138450771782389,3.2297916920493295,0.8845332179505228,-1.5540712582020528,2.3527178732953176,1.758861315930589,1.2779709589736514,0.8355590965769872,2.512659730228868,3.4155528168113674,-0.03127596778255079,1.4057344504781262,1.932113885048212,0.3300449689389953,1.3471656565497527,-0.6816946654834339,0.09772010958588055,-0.3389078173020568,-0.1820318832751008,0.4822494522594596,1.6490772525046162,1.1156323727202293,1.4715864077149468,1.4018962522581662,1.3324449131198859,2.52820733218675,-0.6051570899407753,2.280776467818907,1.3783686744144694,1.114715688893642,-0.5874336256841476,2.2078464349791145,1.843614989948797,1.3145329681028917,1.9912619015506012,0.9970811809638856,2.4264187293915436,1.4338110019543655,1.1060308074579968,3.353869514195314,1.328435568633341,2.9218913501476185,0.036558130507629114,0.6920863206369239,1.6783835061749832,0.512168142872705,0.9198145906928471,-0.2264469192512801,1.895906667535179,0.7451807852014342,1.504027883093031,0.9377878145651672,4.054045835173269,1.4083894082159398,1.6647697023011854,0.6092465105481947,0.9908121474557418,0.8666642182555848,1.6231201248283391,0.803495042211178,0.17055649819455793,1.4686390172358785,0.24154817300723583,3.20984917205127,-0.12845728235861398,3.419340392253389,-0.42145853545238443,-0.7301520732432412,0.21138270291206376,-0.653545881103161,3.6680625618483003,-0.0062845965870478564,0.9029850817031895,0.011950557980020291,3.0931087976482368,0.7314194674743576,1.1053436139181139,0.7472593686453022,-0.6903949991570842,0.47092699419736045,1.6112697086250152,3.322028121976067,2.769860887816574,0.41151414494235605,3.5580369863470738,0.9213168913462727,2.7188587812396134,3.4494773955125777,0.6389186574103837,1.9872972467886667,-0.4368903896699284,1.0065405270507415,1.308214935173934,-0.08344549993114367,0.8278142815789795
1.2519148685466284,1.7860228031630894,0.807162874444888,0.039276465067771826,-0.8394951933664844,-0.14134086691667633,-1.2054334255564176,1.072443352171289,0.9584221068008133,0.31465619064823014,0.6572936168485596,0.3565750127360971,0.3846293460546459,1.1291077297310959,0.3310644964764785,1.1108436537397777,1.5821967521732174,0.7519716800029208,1.715042890476417,0.7955361136586672,1.251823194068438,-0.12597285965831506,-0.2626922605939565,1.860888281730787,-1.3499645342265436,0.9001194794337182,0.09855318426253055,-0.41346421559972335,0.735081621920622,1.2689325533816427,0.8294297449258429,-0.04801042284030561,-1.2265921710849887,-0.9075363313571008,0.33186553755826137,0.10591222892540174,1.234693388616288,1.230467858319038,1.1077480227119556,0.13610616462266983,0.3572430249374436,0.9804566303434774,0.13233832949157137,0.5629384046785877,0.20023761694820175,-0.03266511558949553,1.8544215600837914,-0.11679333730081687,0.5101753011001616,0.6146244293674086,0.3860770379189016,-0.059525970158291974,0.5164324000578444,0.5546980897841991,0.22054375107930266,0.4928847780354463,-0.033588969796116405,0.9392700883681226,1.3929970459221996,0.3423742473659018,-0.14133989514171524,0.660096420308339,0.8278153364426636,-0.08459611540319321,0.7885136834471174,-0.24661160890369957,1.1340366948922296,-0.8329852321660155,0.25537897104262625,-0.36933723445439054,0.2188124006644088,0.33462462705298807,1.8108623386237392,1.1704723441751932,0.9602663688653086,2.264979288759512,0.9934272979145042,0.5425209265794274,0.9014758686545604,0.6402132137893453,0.34238720816665774,1.0346590644991014,1.0838773128573689,1.766921760480855,0.8834610411278147,0.3337184712947529,-0.10470870237461637,1.2626538219066024,-0.192381693762569,0.6835724472244704,1.3073089417852517,0.045549041257626564,0.3601346780642673,0.6635513641641743,1.0345129839023557,0.26652904336429095,1.1965491067564773,0.14385170361821667,-0.7983553288944221,0.3960025764478506,-0.22664130137347735
0.1199328285376151,-0.8431122102697378,-0.7586222616715494,-0.4232926349037698,-0.6284058074644997,-0.2505467697669856,-1.0719346325769,-0.9416895346592564,-0.48617841840079423,-0.403354390113437,-0.331395809809996,0.07052482772904534,-1.2695513562919691,-1.0178529333241741,-1.6381610033858744,0.45421116620659846,-1.4733400798463103,-1.7465549750431726,-1.923000773642548,0.3344650612861742,-0.153338237097008,-1.2438831548203688,-0.9193203599999258,-2.4618375792659966,-0.46690998068214573,-0.6264030137000169,0.16696355714885028,-1.512878995400569,0.25921873595708383,-0.6150787115548261,-0.1815328189147276,-0.36259152225757896,0.543998309250909,-0.33567059050852466,-2.060953659444466,-0.9841934548561998,-1.393277809527984,0.9685411120618368,-0.3063056298813326,-0.7609376024088613,-1.5045775818235687,-0.7348829003155111,0.19500789154080012,-0.3348405324834327,-1.2214873450338777,0.4364527874124372,-0.8072455539421144,0.15808979012218832,-0.5000528231376429,-0.7117441198799122,-0.7050504981275267,0.9081827585692184,-1.0846311673474838,-1.329844180508297,-0.7478642835606519,-1.6211831949858462,0.03953051088867594,0.06423878469676594,-0.0665734108179499,0.37257891521373,-0.8018560254321346,-0.8833293250059419,-1.0714478085580736,-0.40973346617019124,0.43713777584482044,-0.2618326668704406,-0.9058131026052362,-0.18484963724867107,-0.555821893999201,-0.7415008099426941,-1.4603334812516027,0.028864739978687905,-0.8403602982973897,-0.9969194223477713,-0.8196410425216875,-0.4607606882907149,-0.9251846837924876,-0.6934134660784881,-0.5447425832541449,-0.7994936369379386,-0.9552272396091448,-0.5492894923740457,-0.4846931936608125,-0.7751610570581631,-0.4486948264509606,-0.8435018322001966,0.3748966055901167,0.5233037061423096,0.16360057394600785,-0.5005395370445173,-0.25895642286710896,-0.3939193322828267,-0.6045148090040615,-0.5108114777433498,-0.7135004670437685,-0.8444043052262157,-1.4714727586182206,-0.1941172698201851,-1.1769162303382223,-0.2957003894611781,-0.8329664262466935
2.3301344479989496,1.571602923883781,2.656147261948953,2.7252132188458167,1.727356477884704,-0.36919211797715645,1.5116722421958155,0.46522989807974935,0.22166699423724384,1.0332488264205923,0.13931419709447102,2.0375298676887903,0.594300868272145,2.4135717838829795,1.4278050976946741,-1.1035663068634645,1.2152968256991485,1.4589391672795624,0.04512919482966864,-0.7037864067894344,0.04681003091191041,1.8444161100077907,2.104509694733779,-0.904412916638808,2.1537962708909766,1.0241969846496595,-0.5197779043284315,1.6972521846086226,2.2732329254021515,2.6142884814108056,1.3214974031672548,0.16876139475777271,-0.6406866172559776,2.0626789707226267,-0.11150438822764897,0.0013622308411787216,0.8977292065663329,0.3766828086003828,2.589626131195375,2.542555376209685,0.2266493912846521,2.0030309493566167,0.201726468169359,0.5857913111808822,1.165487322074516,2.2648699691737613,-0.19608893233217384,3.184396905237286,3.0509078275670203,0.5429673091364682,1.906593597379163,-0.32592961402950466,0.7421011699341209,2.0561091005039924,3.4401136621552935,0.5548766195486777,4.5901907523704315,0.09627062591931679,2.6645421443404658,1.5116519083215658,1.8924031983555334,1.8439660122615114,-0.10261834732621754,1.1256745899237084,0.5908107773610435,1.6565673687377604,1.6271978660936706,2.003621276756684,0.38542425721112183,-0.40605995378376003,1.9390590849318536,-0.7370227086114276,1.1512808999832553,0.1885768159108907,0.642178918702763,2.7842485492152176,-0.3564528943424084,0.7827584818432181,1.1110672223253415,1.6636788890109435,-0.18716795745932857,0.5521954470907837,1.3535081319984892,0.27537880323178276,2.830876572165623,2.2415473149387397,0.5857372734282811,-0.9682060984563491,1.5857948395670745,0.7901169559024918,4.726643490778925,2.084067626856814,-0.883205745965097,0.1770785433032272,1.2447872339176542,-0.2106879632018836,3.8892626013999227,2.015168156484877,1.7007034061863222,0.7696814923090745,1.175139204255637
2.3081418725449567,1.5232982369376413,1.878164123215734,0.5550851308203507,3.0762361687374775,3.420253353376504,2.4996147646017564,2.155685167097269,0.8490599599139518,1.3971247103059599,0.8792905537139429,1.2090569402258682,2.110608326140739,2.0362511798555056,1.9585661098937717,0.334250575282735,1.3507685386231725,0.7726795375747758,1.9843438952501289,1.142102668207575,1.770342114389945,0.5756686633522305,0.8515248054569102,1.446339978696277,1.7487091940287294,0.9684804711367331,1.9775778650564517,0.6053544303159177,2.415707319204076,0.8811750728841824,0.962958160146591,0.2884550658630831,1.770855717088244,1.305396617591294,2.1801350294841746,1.9856476398377172,1.9571798501002455,0.4484622405883131,1.7451098136692929,0.3037984856349862,1.3155695233674443,1.8111728815484576,1.7113146026588508,1.996706820876189,1.781088413008883,1.9318197381782491,1.3927695443497288,1.9471778732343545,1.8158595831353912,1.4620028037389374,1.761091010650484,-0.09065660860213347,1.2735534258621357,1.032737864799267,2.294518600841604,1.4720177094681708,1.9457492342038365,0.49710413835632006,0.33891354730936907,0.041294650817957884,0.4838981753415617,0.9887543501295708,3.0834133629701825,2.679619181559113,2.7199629632595164,1.4573939792943507,2.3881997765463856,1.2226529717369163,1.1509672388273737,2.9488025536965257,0.949047293064053,2.8370604186994717,1.994193417258815,1.9429284931401274,1.5756092378898703,0.41396008028568954,2.539239528158261,3.0959220379304266,2.203056502197877,1.192620367262794,1.5674398262488214,1.410962748901779,2.1130063466041484,1.8724486538904364,0.6127033141581523,0.6006441070055653,2.1669000120588855,1.3128520703836368,1.1398920209278642,1.986171984713585,0.20611522895608925,1.2468259232746821,2.7146556781886737,1.874476061532044,0.2909936125325384,0.85769719467389,2.342663093385104,1.721979075863465,2.9255345736165013,0.6135969948404709,0.11970602931161435
2.857035757413795,1.4877785603442346,0.8045660564025431,-0.6391375868168432,0.5127257022575453,-0.5806443341974753,0.5230524788052604,1.3954533900137887,2.4412669034799634,-1.5159000626630634,2.395461982206129,1.7155319920686118,0.7670400996505657,-0.5744241381829142,1.2607346970138515,3.3089627204686733,0.30217542682176357,0.5926506859665757,1.5135235259504831,0.050033442817430995,1.4743276031307484,1.1829388919835118,0.10885911216080439,-0.303374811214708,-0.3425397253676744,2.7370497922115624,1.7136317407535087,1.1269639351081477,1.5511457576722305,1.31572070703545,1.325960748339451,2.635905722066881,-0.5631765158008147,2.590272566710525,2.4666210345558652,1.0892920544537634,-0.6629796058658243,2.143340693300396,1.8107324955758333,1.8998006920320922,1.6472406515348101,0.550223884426728,2.41729930488211,0.8980996587890739,1.3665041861811833,3.067819840493289,-0.6177511734660186,2.8741900019384357,0.07595872880371686,0.5708339032116916,1.6018264535609936,0.26801237235452674,0.6512425655585693,-0.27216021792524364,2.342581803497838,0.7435238539456809,1.5743910658058202,1.6010909181382005,4.050937818580367,1.8019912508704816,0.7869139568777078,0.5481813519740852,0.15177021323320816,1.2680507128548701,1.577101067917175,0.6924689014401456,-0.03974699218508569,1.4463913193991442,0.18929335035046307,2.9318821406996673,-0.12357143773758018,3.420120843776838,-0.43490683981989287,-1.2997906685541978,0.5683350503044732,-0.7737087475509155,3.4493060027914018,0.04604850119177059,0.964366419287854,0.017222579373480366,2.765233571119753,1.3509069005740153,1.0568679993035608,0.7671506291936422,-0.6814342074862985,0.4358420295797807,1.8754122847584644,3.284263899522306,2.3767746213079888,0.5580341526965694,3.316634415484608,0.9557796542991057,2.6252354158372206,3.313748588997324,0.7507273786790118,1.9606145813111733,-0.48116377523967035,1.171580566990854,1.2734096479333579,2.1891412689458014,1.2974343407304552
0.4603132209871676,1.2289730063666355,1.6504676834533734,1.1250214446184177,1.105047168521422,2.86702202166937,0.7883114588558026,1.9582935530151844,1.9009012009149895,1.617731306235217,0.04625390533371877,2.1959022405500184,-1.7051852809437258,-0.42654484707275664,-0.6676750200668425,-1.2940683299094236,0.3173041016879475,1.3733174385013498,0.625311122457403,1.4295824617475827,-0.8190659264321511,1.9163303269204741,1.9771548140527524,2.438961874890542,1.5846395792446968,1.5924520017660995,3.105985736395102,2.54118435183898,2.0222389218626047,2.4495022498323333,1.277137119813546,0.5735668964662564,-0.29946023745923656,0.4844434976141358,1.1426250972180372,0.10030396835305741,0.763726210714352,0.6439221684481746,2.6178266241565176,1.3634829247812597,0.15400812868755792,0.6355257614127138,-0.5105931243306514,3.0027635027759896,-0.2885595578191955,0.011082878385161862,2.070743863571077,3.1438097250016845,3.755315656456642,1.8524636205517289,1.6755444661832095,0.1550401948780432,2.4448238905660116,1.4858115018964844,1.1892110495932313,0.33897930904656254,1.1498861314356836,0.6466242829268903,2.6709616513879406,0.682864353353257,2.82397697647854,1.0631137982480285,1.163554917152806,-0.7350063269044473,0.3613816576228561,1.8689542490836775,1.4203034313078349,2.071057121567667,0.1963453006971313,-1.0871531926148488,2.1122077259107166,-0.3257706600375874,0.3350445435230449,1.6786899504010901,0.46421555876107534,3.191525855093792,-0.2574720549041062,1.5662579133853476,0.4577553476502393,1.5643177246675701,-0.00483266802127473,0.10307755797296227,0.8305502633582912,0.6814398963306729,3.2022022931633134,2.025104600255275,1.9819814880251392,-1.2371592692853748,1.1017568664536808,0.5126501099168754,2.8412052758480058,2.107215854989617,-0.8458324199491511,0.16332402434562868,1.0584258740908807,-0.06792344261017368,3.599412786547654,2.0644080076886535,1.7998288377291833,0.05095157953212129,2.934919382130445
2.182380902718616,0.8393746037772732,-1.0058606345909582,-0.44407042845837813,0.14321136950401403,1.0242689503728466,1.6088291032433113,-0.7631299286584576,0.9726513515475965,-1.2744309803198584,0.0013921499638161723,1.6586342937196679,-0.1830564828145403,-0.651105621342801,0.25721398802790224,3.81886463933158,0.4046083102636692,0.18684627052443664,1.3468464195352978,0.18088693146456059,1.4153894808224075,1.586942552225136,-0.31468150670832284,-0.3225503020720464,0.1031097252245306,0.3456025572356301,-0.12649084875235075,0.9880687657117294,1.4945821520093296,1.8051114494792384,1.48802648082794,2.7090922104010797,-0.8722746168238124,4.1248259779301755,1.6536326247144495,1.2369718309206454,1.7043172360040595,2.3816678249493988,1.9976684903358652,2.0880414332337347,0.11616559234379487,2.4847274215071864,2.4987467346258336,-0.5174687753106132,-0.3183597509938294,2.858219986762163,-1.7339534662383105,3.0412803819387513,0.2138623667896908,1.2266156421352297,1.6012906497371802,0.07093787490218112,0.14151242027956545,-0.4855472685940681,2.5661641475441415,0.6768363880930023,0.2511425592989352,0.4919732613655799,3.995535168715343,1.4408871895571367,-0.3489093436379176,0.7453478380175593,1.5346543627083948,0.09944295411990463,1.7515304253907413,1.3029594315643904,0.24648191747867876,1.5631231892372441,0.30835793303163267,2.961621559226717,0.03384488019979593,3.3096177604602706,-0.5740024094531662,2.341722486110015,0.4177691646742583,-0.2629587740788335,3.5335991717590822,-0.17887676319917498,0.6170271442497911,0.8215553589374706,2.689323887631844,0.2240089030488517,1.1816494322298106,0.7102679875148084,-0.8995201358472541,0.45398649279663433,1.1089928946599366,3.0735852530367302,1.7917041742494484,0.14694882664735182,3.0238398799072357,1.0935853246372094,2.8149623069891323,3.5944073328617985,0.6755954266663847,2.0792259563563285,-0.43943309849766266,2.3661311756801653,1.3295209876936993,1.4378346152330266,-0.17879490145855562
-0.04866886052233002,0.9205592440333332,2.167565988482511,2.0946290673817987,-0.2572352303507082,0.2300068128322651,1.7506866692644054,1.4854605807346861,0.915656757628752,0.8182941965914997,0.695514819424016,2.191645617548174,2.496884998983668,0.8844795988960076,0.4133553614171071,-1.1814655015112205,1.5860816004641884,1.057101095675308,2.578719113774311,1.9362577143197033,2.7477040894400595,2.634071367032726,0.1592116729434383,0.5590863882340545,1.2347433892607813,0.3328525778384678,1.4055381803827514,0.6091371084112771,1.3352678052870433,1.001293808039445,2.0599532215779512,1.64547883632227,0.6243610775512117,1.9511199405433461,2.916674918514347,-0.17985306025854123,0.9198560258868249,0.8707469962687879,2.4966900141081934,1.2039480150247936,0.5193237690387823,0.7094066776794008,0.9407513666580987,2.180555301326806,3.1817934602041253,-0.2247645882860762,1.0402610312965401,3.4485643712802356,1.0167863857991077,0.8892171788516777,0.2936731160812136,1.1425310466592187,0.7553327026660362,1.7688231631067854,1.0382786934557382,0.8257309640853885,1.5377562270512855,1.5938133188735661,2.3185449863508127,1.5385013278168065,2.1359017142962924,2.0674277810689046,2.3773818005776994,2.8562312906723384,1.4026382342346828,0.22464661530596572,0.4247928677592842,0.8343646366996451,0.7291449646307452,1.8839965428277474,0.7857367469662042,2.650824608793129,0.8125274592452276,0.9025208646635572,2.005374870030595,0.20016314821201345,0.8999466167306028,0.7713117168803898,1.1028737833436466,0.12276843868632265,0.6885799481843774,1.4904933220418188,1.5417237521547196,0.7689626000046773,1.7811087314716256,1.792843418979275,1.6141526629113436,0.13551059086017136,0.8476083409835455,1.4032800742041847,-0.8152655106299818,2.633647449620837,-0.08219559702466495,1.3125195776117362,1.898002759041286,1.345114366099264,-0.6881227888051239,1.168502244194833,0.5023849613288432,0.9892426859845993,2.593276095568605
0.9310439279475677,0.3334154825264506,0.2672212509108799,1.0004043939926344,1.350799906294731,-0.3106561783309754,0.8096707467070167,2.0449660752551004,1.5759103404412858,0.9044710725627216,2.6058054037092075,2.00890310943354,0.6730299157685014,-0.434619504381858,-0.1954984996294079,-0.991936200655529,2.4427446586412955,1.2899155964726254,2.3614970594566596,-1.2103672656444073,-0.07486336485713348,1.1885454082116833,2.068597881594115,-1.1043455783342317,2.187433146635358,1.40740140123856,2.337955078886599,1.9097929977965054,2.091888311180617,2.294433841370467,1.2795447171413692,0.05324737515722112,0.17567448639747596,-0.08436754229611636,-0.11192836235845574,-0.08187077535548665,2.348177598848569,0.2966619370350253,2.5932839842087594,2.6649050277396076,1.7503410914195838,0.46456069035058395,0.005122721296340345,3.451228170463877,1.0643051431275083,3.0384227011133165,1.9413324243883259,3.177725418571948,2.93568232222082,0.8804108046503435,1.751074835205698,-0.8941348043954833,-0.24305078042591188,1.4442515998692236,2.105390900517509,0.24177030978645234,3.6184867842837054,3.347993599215066,2.6174265399612087,0.5380174886504809,0.4093482782039154,1.9137000814774126,-0.6869189770966146,0.9525409360564397,0.14269900386214923,1.9744199987584286,1.5406153686370632,2.156398808565268,0.3619477195403073,-0.5724256903937318,2.2394035915013655,-0.5289072118671685,0.8674829020199321,1.644364349444459,0.36862880590235764,2.8955416584094715,-0.5222586163266706,1.0631765350578637,1.1238744275188313,0.7032746398677743,-0.2955604813758784,0.5247265248393034,1.1339197367985643,0.35351221182383313,2.8856227465064395,2.1034391771070906,0.5617395828316093,-1.139330250341516,1.328491246712396,0.6305941777624948,4.415833943950497,2.22355642348806,-0.7070092552436298,0.31209181054167345,1.1916350117997871,-0.2857160547834204,3.9919821691929305,2.3792781613829193,1.8035509409210588,0.9125553200136634,-0.1323741578031894
2.529083920181065,2.292533793053621,1.6826957432917218,2.2786400431614404,1.752479510025142,1.8932289257417911,1.8578141777595671,1.01703904832102,1.7790187327329239,1.8013353186592955,0.981900537106182,0.6965996656595588,2.517241617059638,1.5906720814344681,1.3757770930564808,2.6476459317410974,2.551107960655244,2.4817820632229832,0.360514059889451,1.7574111007420448,0.5618887228283712,1.0963429013956594,0.025028966207552926,3.1490275588700714,2.8567824436746556,0.2541477600158164,0.9061130250076698,2.21022574804764,0.6997143744714429,0.14633311872199412,0.9030784191301516,1.3777963552774513,2.2125294849790973,1.3366961221092222,1.6096229118683691,2.146070882267565,0.6828681472032878,1.4582751000662815,2.0554952163327047,-0.046628154479896766,1.614190400701592,0.8117768879639222,2.219649946436579,1.9917640256534321,0.1705912433337056,2.4059045719911496,1.7367456376420778,0.9536999627743671,1.6816546645386425,1.0725111499162816,1.5079433588590003,1.5928007990922035,1.2333984895652137,1.531784306353963,1.7752902748912611,2.247403513408406,0.8523627457721571,0.6615945892507676,2.0476529669933523,1.9181006293531508,2.2301524807543815,0.10741422496568384,2.1327362127168294,0.9530086331976325,0.9649846164104455,0.8365538773450597,0.24051412351715012,0.9544260640796691,0.6010727662098786,0.8791025121448943,1.021243626765828,1.791555928525305,1.3418668674732397,1.0567923471026928,2.4624670912963915,1.354829866249214,0.717840717816228,0.9552182806255822,0.746593677004515,2.160282598862362,1.7807089695586915,2.2690285785163025,1.6745211499182655,-0.2383383294871569,2.1032800763755914,1.507816610132838,1.0153888735792451,3.6843620417637455,1.4380368265570929,1.675905958473618,1.2342993185805538,0.5678886402258109,2.0542101710259915,1.4710954331427921,0.8203756096924651,1.1835567331636807,2.6575698702760113,1.0712513955465341,2.364600883297691,2.089908587916937,2.4234435114824544
1.8943553401845132,0.463852287990378,0.8437397828549896,0.005713517310248221,0.29894011649280594,1.633460352165027,0.5170784509952652,0.7643131635194678,1.0391453089981084,1.2905471177055627,1.7447379642149028,0.7675272655700841,0.40587784556061135,-0.6862492481139331,-0.5309723732272481,1.3637731302185125,0.17170383594995448,1.6459309403508278,0.7040101322104054,1.4872049026675913,1.8472870752156814,1.8228394256874296,0.8699635585575596,-0.8563429465577589,0.4701168224557324,0.9434230171111612,0.5283334258012872,0.30019629790620606,1.47294743338414,0.9991448586821826,1.245952267026213,1.9470750384879516,1.6944250184137366,2.729694291311044,1.1704046470304117,2.159282952072073,1.7176147854889037,0.3011598966051523,0.7322753909619136,-0.7065886320491442,-0.3234879673018347,0.35906891591822476,1.7102196539561634,-0.7750267489049899,0.1055080034146466,1.3273886928556524,2.3777892783248102,0.4601902409605072,1.934908428650948,0.3026484176103561,1.74035814847366,-0.3094362680231037,1.7379712947825758,-0.682128343612581,0.45338321111166263,-0.1915017186281688,0.8259180885420873,1.71222348673921,1.3988193687012118,-0.6223646556088687,0.6428913738935593,0.2311127046028762,2.7391398643154954,0.35259304466840186,-0.6329480689359892,0.7783214886303261,2.1548508307069376,1.027529106908282,-0.14694820619059812,0.8518225149878208,2.3384496138632334,0.9976096923913822,0.8855699205800328,1.8460767160569862,2.1418563486379476,0.7293226998616267,2.7533224932561473,1.6219751514452172,-1.2435007456158313,0.8883411277806241,1.4397458433940815,0.7916437736394645,0.7062099096575996,0.20128278553808338,1.4192533203007296,1.1203479241970136,0.21441847771624617,0.864684588759534,2.625946205687253,3.1905205022400516,-0.47418963742505765,-0.3775024851248388,1.5281154683418516,0.038310112067907916,1.720641774686467,3.087307223233137,0.4784365114512674,1.1395982293773699,0.9585776273811901,2.029842678585944,1.3559571995474404
0.8754452913583174,1.7497049983185837,1.681768934775243,0.9633762889209883,1.551386865724994,0.8142749940112461,1.9517346723144355,0.5673065208646224,1.4229080242776253,1.1413791679894882,1.9775573399489872,1.3533246189870785,0.4831190889541338,1.001753709116601,0.47452197054206013,1.4000550656253419,0.9374880720974503,-0.2019838797695893,1.4057306504925173,1.2426218839938528,-0.020461461201741728,1.0204081336287936,0.7143348478206595,-0.124344446956536,0.7845336045579866,2.0481433039468016,1.3490141556903352,2.2140093797552067,1.1578665795864092,0.7822287291270971,1.7805609168511998,-0.011217687912411891,2.489616641448954,0.5827505122197429,-0.21613750756783695,1.0859166574902352,1.5560163331827257,2.927459377103169,1.2659433166362324,0.4066477999200781,0.8275658055930454,0.7590166298431781,0.8492107660549308,0.5473853526744547,1.3075814123356644,2.0279406480425144,1.0108917719456727,1.785994756895303,0.8237263070448154,1.851519300598143,1.3745766570972175,1.1589391959809634,0.8080981529374844,-0.37527865508745917,2.0323304363725736,1.3643576877655104,1.0135501820711932,1.215634684201261,0.9897799562115578,0.4006979573827835,0.6436088410756855,2.852646560679007,0.7393164831645747,1.9789118794738192,1.9284363699816724,0.7081138519183496,1.2686843571683595,1.7015373639702325,1.4354158055856727,0.3810062205547001,1.8655356372078333,1.0870733699620754,0.7656652021260371,1.5320185478138773,0.3985281227268767,1.5943044197823524,1.1574411260969746,2.628444952415736,1.2318992607264991,1.1831436645417392,0.5360492786334212,1.3327892793070157,1.8831109463758053,1.0199013488451503,1.4648161009677683,0.8851141204371251,0.5389929308414303,1.5183744690718193,1.9655893785489424,2.097924010297666,2.3898046312681593,1.6566621277973668,0.9048823510890837,2.0167888199929487,2.1239025738156525,1.4103816363946917,2.0786949641603236,2.4597982805005096,0.7923396377527986,2.287421826537353,0.5202659640012904
3.6096048595058,-0.6542178326761983,1.6906129154242,-1.1627490749292966,3.104894311918316,1.966126237746541,0.8704550013224602,0.9596656096305889,2.0466394466478457,1.2178147954215206,0.21646123050828125,1.9670985815431576,1.588001857732501,-0.17433433306789184,2.4903136503289494,-1.3956231386853322,1.8856962247548879,1.5404647503652042,2.1375640109554626,0.4569217606442935,-0.7552687432955232,0.6097078851888161,1.6205601255379998,-1.2518976534267299,2.470302116348356,0.38027585548975823,0.14827746537785388,1.8531911852516902,1.9983375673906727,1.7743401183025362,1.1657128730065174,0.540910791107013,1.814085060567314,0.6363015738873702,0.7770499618229109,0.11461802666720336,0.611821594637401,0.3599804254335671,2.7531946032010524,1.2639685729108445,0.4905616666645259,-0.01418850269478764,-0.17718265185982465,1.382335877251626,1.2881956684515712,1.209027981753346,1.3785671072340573,3.0366903246287467,3.172472342765754,0.9748990218653751,1.5895631078531924,-0.9622029512882933,1.594495703766376,1.3574306943870689,1.1534971178226798,-0.12972771788319817,2.3280061528990075,0.572450753764896,2.510123568245542,1.1463813822098958,1.4854953640032749,1.9622996341451193,0.6418799300613685,2.0991336965089897,0.775604595658351,2.3911699353938785,0.8811650702723511,2.267233414747415,0.2559367187885725,-0.9377053235439788,1.934153486116047,-0.3821719165528611,0.44306599121300955,1.2628638569583455,-0.327287626863746,3.474749515048509,0.013262210932102784,1.5627414943569873,0.5366063333566468,1.8305837649875873,-1.441516579008246,1.2300285015249623,1.1086936624040464,0.597185141012749,3.042573213197821,2.0696609200170393,0.37876317769968915,-1.333466254046902,1.671344227793744,0.5372044075782596,3.786047586097762,2.1007870483028035,-1.0458968300282958,0.20980102359545402,1.2629573279342599,-0.42661924097245807,2.953778837396076,2.8478337913187644,1.890507060344924,1.3159082144243488,0.8275902553343073
3.453540586238923,1.411036166696326,1.2313103026222585,-0.930852065189733,0.7327932462664606,-0.5442194572775786,0.4660470572899369,1.045795171431162,1.6849508179505883,-1.5260336548238143,2.4607028268520175,1.7063084632377326,0.7412498967588586,-0.5311123131317852,0.7993516888230943,3.2921596464116694,0.26148261313524296,0.7666906787206834,1.6008674046910938,0.1270735237478455,1.4887781976701222,0.9637331541841325,0.092672037842055,-0.3297668806294883,-0.36998508757125315,2.961518776436933,2.008717185118192,1.1044547802627283,1.5582476260948739,1.3854878447303738,1.3168663828661564,2.6665205337426334,-0.5627749835144242,2.6441414460183696,2.490760363726493,1.103943655331105,-0.24753145358404952,2.1664518224663367,1.813912761910553,1.9268998021038388,1.752166198173559,0.5688253878441664,2.4000062968639853,1.0547770345262697,1.403464531963645,2.943606306338467,-0.433763348268312,2.867895281101141,0.08150586190494206,0.5458832385540919,1.6132936662383641,0.3309733381777175,0.6413424667434482,-0.306006263419249,2.558008880251438,0.7799435442922733,1.6796028137487977,1.9238579043163446,4.047340782077558,1.8579072927263929,1.3788607489154616,0.5168537553228547,0.18549707954037142,1.4894572680824723,1.5738312507580656,0.6996911070773513,-0.07566486436918075,1.4868346644882113,0.17474311433487988,2.948096323375387,-0.12636519171725066,3.4794255566896495,-0.4561859013772049,-0.7253753422903017,0.587905925106356,-0.7828354245540614,3.4706869771360638,-0.006843501997184136,0.960600698462885,0.08241727331537635,2.7676207579251444,1.3750674813057315,1.0510981943349333,0.7635998345155057,-0.6939807678012727,0.46217014639291404,1.8645602287158707,3.2981661465735956,2.4682717824817755,0.5730489024621265,3.2807462359765265,0.9835194543313045,2.645611045458431,3.301369576037849,0.7583937113082859,1.9774203989109445,-0.4904572038434342,1.1748529547591509,1.2487349443911553,1.8215102504967422,1.195226221038372
0.018111684772381342,0.5198005463927828,2.482369116711816,-0.4975054319707023,0.2697719652190502,-0.03825042667366632,0.8983152215606635,2.5514139049048015,-1.4326314125755013,-1.5385429092241545,1.9063149721551105,1.7504859046323589,0.1316563717980373,1.6957312475206014,1.997986686027493,3.5061548392412534,-0.34493328697470893,1.7990101425981364,1.5888306450045222,1.5209245847347037,1.219962587611518,-0.19795268204239852,0.14457275044229354,-0.03336029340289757,-0.12458512435112075,0.39236425519326973,2.4347785858471704,1.1773980465638945,1.4664510118673129,1.3925906836753812,1.3768063961362993,2.534296206584394,-0.4590475834764261,2.4627689378794115,0.7883665235114008,1.0824678521797342,-1.1084891677945967,2.2534735830703743,1.874611059512694,1.3628143827932027,1.8679396836535032,1.1502377980688339,2.4087263364300693,0.8547420562628372,0.4710056283121824,3.249802099313665,1.8154509055347228,2.942007686016702,0.02354466629836198,0.7006460953432329,1.698559659645058,0.5654195744489113,0.8263106737206225,-0.11161400451502747,2.1399814674020328,0.9352234426286925,1.6061559608315241,0.9235771239978164,4.052825861937773,1.5719782675413334,1.373556160485423,0.6508749935347098,0.9596032973913412,0.8000917499013603,1.586456328457296,0.832423808554895,0.31646559911116673,1.4668639392024874,0.24494651742728368,3.1592869178698715,-0.11977765441939989,3.514573147120753,-0.4600770605741919,-1.099163968208082,0.07244539944996517,-0.5758381677190086,3.6864491528453716,0.07299024831826359,0.8983567601860396,0.24950471887960093,2.883027999798155,0.6352286743122882,1.176786405274048,0.8089290683038098,-0.7253619305148993,0.4611804923711689,1.2414696045366753,3.311006675536027,2.193205266274197,0.31960756789437206,3.583033880089763,0.8046863124094135,2.688505190393143,3.4787067356639847,0.6052566483507751,2.0141235579613586,-0.4344428126306779,1.094814682631552,1.3286666967429581,-0.16653290093946038,0.6793366637457534
1.144245020982385,1.9704742263267638,0.8134141250358013,1.1644341201769335,0.8586720110561319,1.5742073786548245,1.5146830342489181,0.8852494958348341,0.18490222984732635,0.7871768214326678,-0.21013905603204544,0.6320972143550304,0.09984734764558349,0.7491641956526696,0.9110837316064992,1.1431117546940144,0.5382233958411566,1.1610336533868992,0.7666816114975776,-0.43839568803411744,1.1199221785642466,-0.5128624396782185,1.3646775460246225,0.015404189038749046,0.8062501241323562,2.084737246348176,1.1530899618079185,1.7943042834772092,1.2887609181944693,1.708680932156208,0.9467708775972739,2.186585682794229,2.382118741270432,-0.26819481465263,0.3552102865068558,2.7152240652361064,0.8637260998627483,0.4937847089748509,0.9600083650034799,-0.6632925297331752,1.6195067570606023,1.0857081833999789,0.5727047078627366,0.7461071234612692,0.5260805196452161,0.42741218253673946,1.256405713506337,-0.11257437942584164,0.915052948855367,1.1337200755769623,0.1640904416569406,0.6184121004596977,1.0130889577919189,2.8898292736014377,0.48366756438628916,1.1166365179374167,1.032607671472565,1.815506404431649,1.5008944341017376,-0.007332627856757822,0.6954411712475964,0.3191746746132142,1.187629361512837,1.3078818452440866,0.7451375225980339,1.396573919919877,0.6917471166799396,0.6033709558919469,0.9370573669832589,2.286721107057811,0.4443794503128769,0.9301064390484675,2.1500953206378686,-0.6368609282603639,0.16930461606517055,0.904391910554562,-0.9117817160188272,0.26400279165563234,1.6935059567076507,1.4921882089890104,0.45782207648273276,1.0860684248916177,1.2074517154492717,0.9193395921998037,1.147128014381863,-0.037230800138094385,0.8443080178332103,1.1892138897868851,0.6776847396522206,0.7568984480488749,0.9175292555839905,-0.6034811862358271,1.9800235338568435,1.1045673086031567,1.8873947153175261,1.4483227957570555,0.7277551770191504,-0.4548768196743621,0.5519836611304665,-0.4559447514268227,1.0815540063139313
0.051123908086782965,0.5106713662534171,0.0958517575537777,-1.127740594929565,1.5769345025065211,1.39688058927616,1.0814255018334114,-0.31053680236338194,2.2423145324388565,0.3771237235475509,0.5172830944327962,0.4985120210576822,1.7317518414101833,1.471291225563741,2.1708278961011365,1.1227499802798853,0.16277288177790505,0.0700526034285477,1.3240231770320527,0.8125314340977313,1.2790398578659057,3.508763879962315,-0.21345355088603538,0.5688466041111633,0.8145485725538371,0.5864930817307985,-0.03494481876241634,1.696088767676767,1.623390765453327,-1.6903340131955662,0.9180477135305202,0.23712259640502517,0.7570304730112066,0.20067202473589427,2.105614119359651,0.7606575715668744,-0.6294133619502205,1.4782658968959257,-0.7016355313233505,-0.2050979903687806,0.8106167817892501,1.1453278899590202,1.9584370404714837,3.164296520089156,-2.295502645779409,2.2970530933743483,1.3068115038217787,0.17755085745503119,1.3210149488885112,1.8371063891945423,1.8843970245468025,1.4297385576818769,1.2760615339327883,1.2627001727522176,1.9968852890378694,-0.1990800295934427,1.2502370688127653,1.317637827416427,0.9866813182981603,1.749438549153944,1.067854611107238,1.9167799068963824,2.034681092859843,1.0503457284696378,0.6795316113945956,1.152564595804636,2.208630510065021,1.6853758902945672,0.361804736619427,1.724980680833961,1.111462982382199,0.72773975385843,-0.2685890623467093,2.8978769939402818,0.23157157413586757,1.2869853800827007,0.3152667876779702,2.1207949645680153,0.6082245969347062,0.5853512188709283,1.8453922634941782,0.6371875352947004,1.8752537335679904,1.6630999388582584,1.2572337909067575,1.7577568554618472,0.415939771474659,0.9609477928595961,1.6815021896982056,1.8616084181031727,-0.7695482030239341,1.9555381869771509,0.051302170091015425,2.3060896307314573,0.4670983940514133,-0.3483687747201894,1.1509923014866636,3.602502687704793,0.42044411297186823,0.02686755812882364,1.2093530132258479
0.5039238556085168,-1.9039387330864448,1.3832055343168081,0.4976084088856056,-0.1872497158305425,2.216695156757893,0.285572041271803,0.9916026322182026,1.013713490326416,-0.49077663949397426,1.787171394319689,0.48233160031738204,0.7458734477376934,1.0288587205772388,-1.8708959446416364,-0.5565415688839283,1.0497993589703085,2.1973264827961114,0.30641928317027783,1.122727540465223,0.2696186339235479,1.1813282164843713,0.7992861046614133,0.7635497866938372,1.151992238585297,0.36781652120122643,1.085166369365146,0.33076660785197104,1.3850222423566279,0.6573136028853872,1.5252354996833906,-0.8396534763952387,1.8258035791563882,1.6104441492603,2.689566352271953,1.0049341182153992,-1.965876741885969,1.8423255306398916,2.276620024007771,-1.4172363298571646,0.5096199313433487,1.0445167648366673,1.0559469563742556,0.6482698699473692,-0.23046310204871395,2.675182006732282,-0.1734896468869659,1.60797486754238,0.6835575902835437,0.9454499204828216,0.7587293859699101,0.021639306060297386,1.3469135468484257,0.4249355284166036,0.471599090572163,1.4111836627934833,1.2796838511633881,2.0285253885796704,4.1890258423900955,0.5081784682945575,1.420916856342034,2.208068483797501,0.7766744767871268,2.8160223389502654,-0.08895772418776303,1.059239107387583,-0.43487273016964123,1.526252047817319,0.2544442939553168,0.09940933792612748,-0.9295120213940905,2.8951286545596453,2.3475726894898106,2.1664392673388506,0.9003528530993206,0.7767611580333302,2.833153540623577,2.336480373125851,1.966052518948201,0.9136671010775281,1.630203000817963,0.39446900098787363,3.567019202433626,0.7559136811340943,0.10242728923430536,-0.20107439523010157,2.0447422608003083,2.1032963031191074,0.8329539589366061,2.863322218717791,0.02246997879112981,0.355843660730368,1.226541603458895,0.9216135482673999,0.732202212647605,2.5385281510684026,0.3642520176327345,0.13078504571904662,1.3870583438770026,2.113919369878017,0.06060324791445267
1.5637071150626263,1.0403670038716355,2.2621323683813124,2.0319628986998577,-1.140097304544353,0.8493518548471829,2.1868976158344293,0.695943793987803,0.5303922237529346,0.7880398617379094,2.544678489210594,-0.15289014439072626,0.6311916330826314,2.4313463395109904,2.6463024898112844,0.8147501246833015,0.6373238814802991,2.4043374735684204,-0.017233891894792963,0.9888264699104928,0.1585351789941766,2.2071309073417855,1.5398988573758094,1.9395882719106803,2.6826434490446256,0.6020937691350553,0.1686014475607965,1.8322411000891448,0.9033262295600447,2.367649437183377,2.0314137004774615,1.2169817964900596,0.9195359190317007,0.1313401356936206,1.3606446158450887,-1.310088303953938,2.6577374039975763,-0.07625180443092959,0.42240731618352995,2.279710461575573,-0.3406955199867709,2.367669233700139,1.2759396354838917,1.1420434928907333,3.061467931067165,2.1268997782961625,-0.10984387030531045,0.9858672544499419,1.417953087927697,1.7095052066817136,0.16498310401211358,2.759341812685179,0.09801315991272387,1.8626689550194924,0.6933734859407513,1.8947330656912456,2.120795393952065,1.2428285534925134,1.8339703807414307,2.1444862993474607,1.0323327608634114,2.2376418631264934,1.2300279155566436,0.21853422478759188,2.7333373887421173,1.337388251608861,2.0709951091742456,1.1612324202481186,0.9060077564853775,1.8456448894179318,2.4669422801478555,0.5649780378129697,0.8788268735787577,0.6299041230305837,0.8955706915782694,-0.16185260008303412,1.6868816900966164,1.4393631849304358,1.025398157851408,1.2598321115065059,1.1430090221700753,1.4066979528641137,2.1620361732217384,3.2035797596947146,-0.8742959478729715,0.22609398577494544,0.48080405396279996,3.0027668775421916,1.4407614032714924,-0.5152201189917006,1.727713456338584,1.3766670462808044,-0.4262704054150357,2.082520538906472,0.42375872838497775,1.1978564430982015,0.7394675133703849,1.2215628183288052,2.151138106090974,2.429918379496437,-0.17002742586455488
0.09699346106142251,2.3999224710666973,0.5867163639008436,0.6313209199892961,-0.24940441602831281,2.7424414683149125,0.6610866323950763,1.2561466933143115,1.5099928999662529,1.8335486840010422,1.1426205659281032,0.16132864769390473,2.3887164667352807,1.2190514761073636,1.4261007389846263,1.1565750905245618,0.9363545245720416,0.6471154503451917,1.266839359391194,1.4667420841161913,0.4187410787172469,0.9635110205252125,1.4444618382492542,2.0123052402146238,1.9063600412434405,0.8547488478636767,2.6273489345289853,2.1584324388728566,2.191573885490061,1.8438175401791286,1.0256768056441739,2.514859746738635,0.3594060396744825,1.6815971503822198,1.688392286597129,1.7811063969742205,1.6149697349769103,0.7291236878158506,1.339843705559396,1.7037905337626051,1.9036465350853709,0.7617878177154245,1.7311155073489173,1.322942412400838,1.8083355525335258,0.5627594106367808,1.6207229205058504,2.825060350330808,2.243918529623092,1.4778223790596554,0.2959736979294493,0.04517303960369473,1.6156716912607096,1.2515356883133422,1.0962916813479542,1.316477179912616,2.0733324698193467,0.5924530342157451,1.0795221621834123,1.089245006591004,0.27866842520490687,1.711592172539198,1.8523240167639716,1.133897201417905,0.23833748844405503,0.6225076597293557,1.3616993161165774,1.8325442339403601,1.8996367497013589,0.3576238535496829,-0.2920934938311315,0.11093379799167585,0.9127569847064049,1.7943435915955614,1.4315944247572523,2.3963795456554515,1.1301584509658387,0.15945453154915487,0.24931420426578083,1.697622247479325,1.1800002135214618,1.0456490133598997,1.226999847333094,0.16153006678422582,1.3849370237364074,0.669914019327296,1.5492177259782776,1.100577629603157,1.2391015443336246,1.1107438439428796,2.17514071881553,1.179653437725434,1.313821138152282,0.6146239088119427,2.474785048756926,-0.003298933008914048,0.509484626585321,2.1709227733499032,1.1929276052434044,1.565228927831632,0.9052490601479171
-0.14501299358666525,-0.20072800483749126,3.137345295792302,0.4984207542790824,1.5192118215623573,2.4082871216466906,2.410199510497667,1.0540764172001935,1.5184409869667106,1.288973867443485,0.451679631401901,-0.0040266686906092935,2.0307314911705494,1.8809096053146892,-0.5299225049462006,1.434228841476201,1.4667844397545267,-0.41495165575442255,1.0313611080483422,-0.5763659914950368,-0.5610514502258224,0.012561574128734095,1.6562144395586482,0.9124277492378904,1.4146297839147761,1.2621206391004318,1.4999007689598576,-1.0468409348399892,1.3486233230204487,0.8675337151592878,0.9321667604713786,0.48302049108756573,1.4611084464649753,0.9151999952149082,0.7063311731031704,0.2313168748465408,0.8340328837012946,1.7853614697054763,0.5088259151614202,-0.3476870025548822,3.018551601898664,1.1777714336309328,-0.7434840844059213,2.1225615557206146,1.261281238923031,1.239973334634426,-0.6148150558617761,0.639656139720851,0.8657736888942854,1.0742254944498313,2.6756194581095545,2.2331387750969744,1.8317877699982228,0.7405684515189332,0.238528210986441,1.2583889280710951,1.3385533346486433,2.1631665019960034,1.2233059770089243,1.5920649700317615,0.24516177966242725,2.222581093525925,3.4762643392981554,2.4299364221283706,1.8213947091054918,2.5310647872213274,1.2568330334320215,0.5895384058883298,0.494097338146435,2.6982823062915213,1.3259247417330375,-0.31661753083275773,1.4543336736760188,1.433997563461724,0.309879305232692,0.980844796389696,0.03197347590408367,2.2846377354603846,0.47732789758269667,1.7614896410201886,1.7621479470991595,2.1563604037601145,0.4446963641706787,1.0670527696092431,-0.7296629059049516,1.8158856448863863,2.8046953154450454,2.907623751337873,-1.3830227553051357,2.995903296342898,0.7038717369812504,0.9063920021757211,-0.7734763868372831,2.9030953920744342,1.8149554591002972,0.7662799157857679,0.8320352946334085,1.649168382137737,-0.23284235702779338,2.284561596697742,1.3894758390765305
2.13215494982543,0.16606433246735536,2.0465689291270763,-0.04606703538864956,1.0754079331337665,1.1486340433886086,1.4059397464107541,2.7615031540462622,0.3448653261496486,1.4871483356565856,1.1669761599169537,0.5975729841048214,-0.5128008998313522,1.0999457163956754,1.0565059866246036,1.7649091776495578,0.6498742284815553,0.10922988407461592,2.151391477588375,0.6564283725099905,0.02696079228745056,2.2173503043570846,0.7416441979839246,1.9483378018896984,1.1441780287898977,-0.08718540415460685,0.3257271987562766,0.5483716141817008,2.0682545031887143,0.6128321400018768,0.9667380435452811,3.166057004928653,2.2857935054754983,1.0136652907496775,3.2050792582134906,-0.21427449219171765,2.594497470148423,1.7102808479868175,1.653027917807883,0.9563003945720183,0.13852165849092823,0.05493841186665624,1.1738021355948651,3.331131945844687,1.193283157351916,1.9772268539440259,0.029794487420407762,2.37937345245953,1.2953814520362206,1.4664064505429453,1.7276650472508848,2.1054200692669554,1.6900722805751842,1.9835354868867694,2.339615910831489,1.4433417584321024,0.9436510300954093,0.4905533287143304,2.193487425899775,1.947325784743196,1.0698103643266343,-0.05098275054267253,1.0072848334828879,0.3798414523120266,1.985512269588891,1.2748275948425434,0.9798182847093438,0.7672207609081942,0.9600995011583614,1.7305607785670585,2.0175370857597787,-0.07077804410661022,-0.339486489503931,2.241269871610431,-0.29675892116840846,1.1717529995075862,-0.2838079270707104,0.6844533756694362,-0.26407278561843345,1.2036975024900525,0.6556107801005991,1.2158500974890387,0.24774680581370745,2.1908204027171383,1.6358557306053947,0.7701153443850945,1.0673632797698513,-1.5212771922347792,0.571791011407148,-0.958118676467702,0.28006108124923945,0.602805990001757,0.9928290095539164,2.2266770691868416,1.2870284460695391,1.0782901321091867,0.7668817785621465,1.5771032706021977,1.4478893972114992,0.1099055391251065,1.0261004983005482
-0.7847806455499324,-0.048902332950265505,0.3111141111588425,0.16762574341172118,-0.6561549362195948,-0.7550222016547812,0.006920252472201989,0.4652815849150596,-1.2359640880851397,0.6784314709088526,0.9659372689989513,-1.1260380516025905,-1.1792324324142311,0.4785821767368664,0.2878390883373347,0.05848657677793087,-0.205858399746143,0.7764051188996695,1.7920958241620986,-0.6357185468945687,-0.2427034422447,-0.08168271901045206,-0.3810145416577467,0.9403724768921627,-0.057815521553890026,-0.5586694078526635,1.7083305825710116,0.1300122962227568,-0.5414044949247783,-0.9820286351552479,1.7386405420579627,0.424273734544317,-1.3728543039032841,1.406183050494679,0.9816262482086476,-0.11597171054627005,1.2120457663671482,0.08473438374423829,-0.12996173925906152,2.625815489011,0.25597636060218165,0.6977007198772431,0.5928241264758436,-0.5469326557304997,1.7509065374765065,1.0370238176412223,-1.173008811322092,-0.4025014930267872,0.9407032606626193,0.7951785473156336,1.5279005384316777,0.6392107119762431,2.011195940705256,-0.07185880622003268,-0.12155853361221992,-1.4998611971453069,0.3408771753644743,0.01692453209428684,0.9943469481046407,0.7914673529245001,1.700570071243966,1.4443752276867357,-0.19806992926108724,-0.9430112985624978,0.8007080879767969,-0.3286871382880982,1.9908496300874403,0.2861069591920373,0.7161066813367807,-0.9693448792314862,-1.355470177825533,-0.17584313478777056,-0.317110174693025,0.853479465878325,0.9800483456926321,1.5367900913269519,0.2995861488426188,1.04085208874654,-1.8212484638821853,0.9054398647814033,0.2437456464639882,0.6334193415588388,-0.8298698480331473,0.36576446331102247,-1.1763968853725344,-1.3359175186516392,-0.05296551350998038,-0.31566240850543753,1.6996189275754447,-0.2477565265387051,0.49048724291092444,5.4754576100238e-05,-1.857501897875377,-1.0749255091212984,-1.9662949477253036,-0.9429855521467907,0.4181440303743969,0.5868899144969193,-0.14241530089908774,2.35101353183501,1.3234099910163566
0.1315011739823459,0.7616641921351439,1.7119916344152672,0.2841223698930485,0.3121902726674764,0.21807347137019306,0.86361706898377,1.3599277173665756,0.7148847371983684,0.19906451386391907,0.4229352315788255,1.213670972281415,-0.09344787219625356,1.1600164824853287,-0.3535430152383483,0.7319197732602242,0.0981111605225794,1.240176697094313,-0.8605398295405957,0.1687086341235313,0.8137169167208582,-0.2561411744790302,-0.7140596222022614,3.15156379565423,-1.1309211683139164,0.6297685333515202,-0.8289211464765245,-1.4790954888399837,0.029681510349293613,1.2081439612898346,0.5550075645354381,0.5085432773509018,1.5021496509228516,0.6205264145849193,0.1820644221459465,-0.4894342961945635,1.1720715230963694,0.427699187823811,0.8285562182314489,0.7921493299318976,0.9934217376286889,1.233295117661919,1.9022956265450963,1.2202008306111758,-0.9037752919284832,0.8706038120571901,-0.009295579657820963,-0.8238351309224807,2.0778790262075857,0.3861106271617689,1.6266789967034145,1.859105541763474,0.35716090185288324,1.2617123640128816,0.058418130630730494,1.1700135334687847,0.4415277878391104,0.6662487029906327,1.1616235437666038,0.9172554946878474,-0.5226350741550255,0.2233996691083815,0.7691877879703773,0.17073711740508013,0.35835260445732087,0.37175721928038125,0.09176972900168492,0.8381612868026496,0.34116307418602965,1.0764058664115808,-0.2846803136817004,1.532548163591169,0.025456648607116564,0.5008479647763558,0.20374222099832126,0.8908453672703589,0.41359785119047404,0.5299620900662265,1.5288858045114009,0.14608335550831594,1.785661658744552,0.42860024179242784,1.191637984046896,1.2003946667781793,0.9943247459190627,0.481330812633032,1.4316213668595825,2.405983522323015,-0.7270948612252841,-0.05557560976200092,-0.4782420507514101,0.6026833699550925,0.837220107999832,-0.6335949974655861,0.3172998522643397,0.7850294222603473,0.13828310202989794,0.5250408617890095,1.449530801593699,1.7541176471193562,0.5293684145075619
0.5085981885431996,3.702375771493938,1.38764707669225,0.9049110757623627,2.7786275475335493,0.8323399539567831,1.0266023075348585,0.7521290421678296,-1.6447459089734515,-0.9520807824034379,0.7819230560535786,-0.12932652965258246,0.7963930442080199,2.912891235159844,3.285374096961641,-0.5457342328662499,2.0116250797149777,2.8049974965862425,0.353035033155106,1.552221344933012,0.5067615834168702,1.1796276472286114,0.3804416118310861,0.5234205226354516,0.7723112450528201,1.7214158416437042,2.1291796846627604,-0.010532745346580526,1.1403517633554985,2.2656293132446694,1.399745266385818,-1.4301203567073002,-1.074706942845553,1.127548880084643,0.016056374761158156,1.334272945027837,0.9759158151141345,1.868940906016571,2.39344461351036,-1.1142775885266714,1.3359657399449951,-0.02702188703462498,0.8899758157780959,1.382180806250191,1.0977784356024032,0.1209301045516362,1.0744746930795395,1.8566947955538904,0.18814912258635408,-0.1232396559549884,0.7518477992254797,1.1691648417399776,0.4098098910603923,0.8382176074415171,1.7012905557194822,1.8408627875358827,1.0366801040683242,-0.17331786058628315,4.269560657581995,0.8895255167217228,-0.1307722363288647,2.7702272767231273,2.572798768387508,-0.4267091181658317,0.8976206792380306,1.5974274132950117,-0.8369500586005107,1.1659375523325841,0.3640370085927422,0.06680044289931676,-0.9461673760514795,1.9525084259364152,2.0639206940457515,1.636723753691249,1.3531054792009154,1.91888960049302,2.9320158965244763,2.522383882320666,1.0501183914823158,1.9959505495715402,0.7702917181059231,1.1436898887525733,3.019540091890978,0.6280571390030816,0.12325857031054403,-0.04041117646420224,0.6298456352711121,1.9717745374987603,-0.35719492940770925,1.227855982311264,0.4663433915470937,0.6629124098980874,1.3930004014263164,0.8120611184616979,1.2389958263826981,2.716517225756498,-0.060133554239902805,0.6688891252894401,1.2789630051892906,2.8741205606377247,1.2452566316003137
-0.5101523999498401,2.316899134065281,-0.2898646228294264,0.051000324430115096,2.409688136253853,-0.7937901729328879,1.429073515108383,0.9565114645185999,1.7273174147720112,0.9823272899057277,0.5335774719374877,2.027935136708832,2.318318229223232,-0.536143338949912,-1.467779249142762,-0.7937214549468931,0.7038720008699751,1.3322518142747204,1.5413252381630917,-0.6253370006241519,0.24102454779334181,1.8779652136379608,2.176546721307333,-0.9048621989685,2.2683818802604763,-0.3758281302655148,0.41042545996228424,1.7898387849608037,2.27896148265718,2.974257756905768,1.2555558081581015,0.6699488716519268,0.16352887585954784,2.4427668801745894,-0.6089997533609052,-0.11966370416466797,2.0751883592257405,0.3711467064933144,2.49751087031682,2.8166904247434874,2.502467688761079,1.1319462083699654,0.05322042841941439,1.5704787520516665,0.5875969059988059,3.043290651879812,0.2967301691586093,3.2113736154840486,3.257238625222437,0.6648919039516448,1.988721808764385,0.18585366086643046,0.3956770938505326,1.9964812168836603,2.439933044676369,0.3061366407498447,3.8538250355996317,3.5225573600902815,2.7269868590697253,1.6346412219203472,0.37809616485636127,1.6287505600262049,0.08594891928785334,2.4664260257582074,0.7711539367940325,1.4479306929297864,0.9200782605224502,1.876781865875867,0.35215769614671016,-0.45934293838116325,1.8684930289219739,-0.8496052151090635,1.2491077422252854,1.5583785297017103,0.41909639473322546,2.8318228651824326,-0.46802021704493174,0.8865038796484325,0.9420648302045594,1.9448390659290675,-0.7731963113751933,1.2307905236148342,1.1911608970413663,0.2462466852754207,2.743278761268299,2.2239820069338707,-0.4742878892891773,-0.9115489628148274,1.1814134126085039,0.5503584513260897,4.649969436924261,2.074508455440065,-0.8186543390407454,0.24637405522505926,1.498058275582599,-0.18050204529659236,3.929788498544408,0.560893702222858,1.6982268799863691,0.42656418137919155,0.9740528684749542
1.4277720341989455,-0.18674173206279956,1.7860968776840689,1.3488717599057212,0.6332489854881758,-0.2707202200656501,1.3591515089908515,0.6284543902375243,1.0517894766818696,0.7268103442793847,0.7354890844215659,0.03250163553466763,0.851550940316846,-1.1231448714442132,1.6556409718282137,1.6738625284056887,-2.2267742713975025,1.1771634195358451,2.7555569801773614,1.0233563458470798,2.942972621333888,1.0953419633244716,2.1975995382179003,0.6752337085995582,0.8606712305947195,2.2986398098823435,0.3051519136655127,3.2886908655541034,-0.2238009470930001,0.7553282780527303,1.488048805105288,1.9861321307915745,0.9945816804892043,0.4003556622090926,-0.8136464022391506,0.2686528595319204,1.0758726599259187,-0.24024618919106944,0.15495522239335974,0.5309543192812964,1.6706122604871556,1.3174962253090652,0.89424094156228,1.7765877916185753,0.10735289353609584,1.1205008633903053,0.3544207460464872,3.018557138568625,0.44511590581092064,1.4054803331602943,-1.9867113586917282,0.4178276280889534,1.9252569486667546,0.4437121256636494,0.9491936607122684,0.08643357653922114,-0.394076511083315,0.971658740376631,2.973032866758916,-0.021054108205508917,1.614531177071723,-0.5706440164309723,0.42448506227311766,0.4256193311963193,0.6421113225330801,1.5827818476239872,1.2697701823951446,0.3277167807766179,1.721736678859965,0.7713524640906176,1.5122158993713484,1.9470861509261985,-1.0300916860553135,1.5559366256392895,2.456271633635519,0.9316924012908859,1.8642485879259951,-0.5728298486962194,0.06338391514226059,1.0698420157144934,1.2653513486905412,0.14537053978160708,1.1561140578732034,2.7545104149456194,1.5240704757932375,-0.4747216129971836,2.741277405206748,0.10267360313828292,-0.2657155459549935,0.46066622496765897,-0.43326538821281274,-0.43348810612205085,1.6081366735634948,-1.2913790356368682,0.6857348338838719,-0.43798822817895544,1.2409566900269027,0.3827768683565469,2.880871410049538,-0.39402046113711064,0.5739258920637123
1.8194518191798374,1.1467414062040737,1.3778535513607677,1.5344428173331457,0.8602326248355622,2.5222113361591076,2.3814915206821183,1.291109041764213,1.252938855689188,1.5431316600953577,2.146356578243636,1.277476681566199,2.575602976377704,1.0201266781970924,2.1292135180050265,3.085013458799848,0.826931654748203,2.766429583896706,1.175929274653555,1.9333134695750753,0.7522676588956035,1.6365137182572835,0.667774496577201,2.5439140094785264,1.011388845863084,1.4811462400036202,1.9893171916188013,2.2088738108293207,0.2730065571919022,1.547665588015985,2.269961648609482,-0.22506264895613784,2.8023977958932162,-0.14549169221338604,0.9395017670123599,1.844691357594418,1.5650510879466826,2.6811510032552937,2.0690231572896702,0.975254342005915,2.340021609378909,1.05215518516159,1.2891863674868511,1.5152258517254422,1.3260225503763519,0.34072487649998007,0.45709571000341076,1.8404251175938318,0.7124721046436326,1.6321090595128063,1.0981619315543447,1.2861140390718513,1.6071566075995938,0.33056806210606726,0.8885736559150517,1.8316338684912408,1.228333740759518,1.250997226891736,0.8557173820805367,1.5726059814601914,1.8001785415284968,2.1965757533630783,1.7691869333022374,1.492772530829373,1.0627391231976633,1.265119374502373,1.0841907888221083,1.4935568508497203,1.971056023161548,1.7108812362790584,1.674761335903177,2.561810170862975,0.8091193774415377,1.5407307817046132,0.7958123387408107,1.8402901778035476,0.6574018360957956,2.628645894873325,1.4377077636194757,2.2450965169969463,0.9714492270654101,1.8918161995264302,0.9600842494648215,1.781234993333926,2.066046876894901,1.6307644188618964,1.7202517027300026,1.6211857581086564,2.2781774915744113,1.7610666137957611,2.2331238575244727,2.0936007213968173,0.351697409335027,1.0688936386692582,1.9971515421708201,1.878073088139686,1.1990340756440045,2.4064826461727145,0.2659673241655622,2.9836806244797582,1.8344295262445498
2.48056504993754,-1.5464014513760376,0.18267579000489123,2.442640167925008,3.0053432005897296,0.4630327216055409,-0.7374701999946822,1.2717623995537186,1.0273614321976443,1.9144146930719808,2.346983207228206,0.05922375378175382,0.40446453134329496,1.6854371330743367,0.3728526304448194,0.4493307202770877,-0.10142775975743884,1.167705116795574,1.5954553873509598,2.5743037812744514,3.0124447320094005,2.4931544223481916,0.3661913782790118,-1.6525713066643566,0.9991741187492714,0.7381359213042423,1.2496114960046967,-0.7006657337604794,2.9999885982505434,0.7826522062363508,2.02146035065834,1.1263172250556257,0.7996334293061841,0.5134305136162193,0.7752252393611871,2.074091160450284,-0.3874819127306264,1.5843371948502465,1.239289885194001,-0.4083911584833896,1.986441342856963,0.48259792166948756,0.0813579471079266,2.088499131476982,2.654590952033688,0.012567625444155432,-1.0896358350308335,-0.13975535579413878,-0.05580646212267576,1.6026273270990963,-0.2695507146788311,-0.6903571181661529,0.5203183246226162,0.09967769048638303,-0.5215544151847739,-0.3009528528713556,-0.3328660286267159,-0.5138633043546861,1.4183195712378565,1.4519968227920848,-0.5444284079821972,2.526696627773488,0.6511312617561963,0.8622998746832102,0.6481595548237661,0.17198887363866944,1.0986497513639286,-0.25726956478396673,1.414340304183535,-0.35853249851656677,1.4207832696756115,0.6609468589693369,-0.1149780769957087,3.074987828336608,1.79585483135739,1.4513685861337906,3.0209835306291866,2.1927028982500456,0.2334780382549697,1.1011395298147972,3.168309779722579,2.312256403177456,0.8278875390362257,1.3325019665715858,-1.3697717776884872,1.2737090924459127,1.8581728909286326,0.09904009059184658,4.429611346762132,3.9222107142252662,1.5815403818217963,0.1696158035873854,-0.5317310739906269,0.07797731387850819,2.460781166733979,1.803923797034146,2.155395079445027,0.6267787576192273,1.2685603539847092,3.3746075913721105,1.3265975813455926
1.2045670435954676,0.6785960164400547,2.3923662524820437,0.6832567002397718,0.49939715080049263,-0.6999212283768581,-0.03823057961978279,0.06549879874054235,1.3828957890751226,0.2819375527843376,0.6730084277600225,2.204527407447227,1.2413380981091453,1.680376271893256,-0.022523316162118057,2.1157682121934873,-1.3447550530039925,0.7593337063029645,2.632433982046901,1.6919283298018901,1.0193729426595532,0.6389766257118722,1.537229050237117,0.2994181450618284,-0.6684929653057504,-0.21636909249825584,0.1587199415152394,-0.43823744270229853,1.0074238812931475,2.1054712285035233,1.6984231285674967,1.222160700944648,2.374958413875166,-1.3102585360103765,0.5075373745874986,2.379365334013375,-0.8522735218869857,0.7347514632240232,0.07758381030220209,2.2084050914441846,1.2354989589101533,-0.27095079568703034,0.8202439484711443,-0.13821593056342174,0.2509189819142963,0.7152581327180065,0.6536794128102005,-0.3896271561592605,0.7904199497207145,0.7485916256693063,0.9807662607279796,0.555152651943512,0.19941543826512612,1.5716915926804933,2.710831350289234,2.0944609223561037,0.065714721704683,-0.07711700422319706,1.1289076579452406,-0.10382559234586503,-0.9617820464136368,-0.8712749991491953,-0.3495676540209525,2.6836339343701705,0.6536982133512538,1.4219121645281776,0.16829114520326663,0.2186756545488765,1.5124375144548303,0.756035508032171,0.5002162117239177,0.9697233073658594,0.9088475253653634,2.3692674577133483,1.2953162942177894,0.7906164578315695,1.0498154563638513,0.2579087841110936,3.291175960781392,-0.6035288071848184,2.011452166458595,1.1279701172882384,-1.3396224862846626,-0.17201114080202834,1.3159228154230695,-0.07925853725326977,0.5339397282975519,0.124855471395906,0.5276235853660287,-0.5260617239885127,1.7602666893685859,0.10539536287517098,2.624478431500964,0.9727844104703947,1.2926896282265699,1.5223142855073128,1.278262145357629,-0.6616309222544499,0.7357724669789062,2.483222469491835,2.965808941215651
2.4041925348446314,1.1242232744574936,2.118812925370542,-1.4743736012204196,1.2126267025680444,2.3918090178026663,0.4089985605499323,2.615564077243399,-0.42455413594470015,1.3138986759190014,1.233256445386412,2.3209800380695644,2.1299520424522664,0.40896681370895305,2.4054566664792922,-1.0488613353120155,-0.002722529222413936,1.0607568180597913,1.7901352000923425,2.075967512376204,-0.8502888766519674,1.5217728374874144,1.9483217655058596,2.478022056846269,1.5973277020371457,1.3500204381564993,2.1117655958871024,2.3411655735275727,1.8649040921978937,1.8896956628387434,1.2147675781686667,0.6986178828254701,1.207097295989174,0.3139069058015142,0.5108213279155401,0.10152423869396306,1.686951226934881,0.5431684054570929,2.6339203252374963,1.2486901987476158,1.4347830661399237,-0.2677227041674206,-0.39511251939352443,1.915929583740652,0.06932120402929529,0.23176408991923733,-1.1545088100827914,3.1375121135383615,3.5382012902488102,1.6437108940883225,1.9646916577278175,0.5794311678773765,1.254234997083677,1.4434806359123034,2.6680432048472884,0.4725376243131567,0.9523324373849292,0.8495910145373513,2.6277292450716545,0.9874488937789588,-0.34190064233418843,1.727676686158514,1.9872636688299143,0.9320830429995135,0.6270221286587996,2.0855911449264983,1.2197833959083317,2.2658221050249288,0.1801598116764707,-0.7109324408108461,1.825349275184466,-0.35403493926716323,0.24808838626846633,1.6600246323396544,-0.31719375969609254,3.1393080173593435,-0.18096874342938638,1.6502299607566142,0.5727874163798257,2.011797800004682,-0.9629651913092592,0.24063457610137548,1.1182055518359397,0.6548666012420777,3.403199128873316,2.1290405026142807,1.2137405169203417,-1.4602863207042034,1.1654888384711057,0.4860737449029754,3.6222867119524844,2.216350974749706,-0.9076334271847741,0.13992071430877018,0.7784234689370336,-0.1537934302336181,3.40285698680105,2.8274619604855684,1.8109111391650847,-0.4533452691593038,2.794819510384829
-1.2430748402717073,1.0266071626011446,2.0553307773872778,1.155212458975604,2.3499110852826153,0.8011641372539418,1.530871494041038,-0.41561648503336107,-1.500759043080969,1.2105826826001382,2.215870343532699,2.039912608014441,0.8889876517510157,1.7502764507227215,-1.696497470677469,-1.1227859062937557,0.9454727946028444,-0.027962362504424947,1.199156770353178,-1.637861656547009,-0.8307917632773405,1.1013485791156188,1.7795275823544754,0.5568853409970188,2.001908558695849,1.3532257310417786,1.3443756071962405,2.0910556837967564,2.0123306089406743,1.813299316693586,1.2070181946056648,0.6816834910270176,2.1858823736360624,-1.0095769644766417,0.43608544116114833,0.03805878420910232,0.17328917682012543,0.40629016943528806,2.707177409430084,1.1817620550995458,2.524256771272881,-0.25720086726028524,-0.1367637763839743,1.195921882746191,0.9008507269839073,1.5972098108854798,2.3506590592789696,3.033328702889768,3.18413722675554,1.9517661607003518,1.7406019331441391,-0.5661891634061755,1.4910874673263683,1.2352345075624216,2.20285052011378,0.23922454364064594,2.0997017812603165,0.9306787361510781,2.443019107588845,1.474368227791826,3.646909246737366,1.8508039464642005,1.9308895022336998,3.107237759353567,0.7829317417215863,2.530594457368167,0.9294034016065993,2.0591497195325283,0.13034602033072676,-1.079979562379408,1.8487366404382062,-0.77053609124943,-0.0021253750059614003,3.6971965953195585,0.2592300149749369,3.3021721892154225,-0.2388628017231547,1.5840992201146489,0.2636765750157093,1.9704519804204959,-0.34184461395283905,0.821176689897623,1.1048321886285182,0.5777290216746631,3.3031627953773075,2.117279599104162,1.0446991851434146,-1.7008468989528636,2.3203455175843826,0.3175214298768716,3.7437976300107425,2.3099813207598725,-0.8991576596693026,0.21844481954295336,1.3622768506299947,-0.2959967828363186,3.5109585109722996,3.814860209155244,2.038564173589195,0.22781458227579135,0.5985809235850639
1.3308901234005541,1.2466544779206181,1.4084714259184556,-0.8299544365017294,0.3246493592477238,-0.5134740366319359,0.6709920704554176,1.295454225540758,1.9251551593757184,-1.5660705221418099,1.5553674169794711,1.709838294174652,1.3387017604008558,-1.1450153483251768,1.1738593528117807,3.3620158397458138,0.258416587072355,1.1557240027064857,1.2532934290289623,-0.0848562555291697,1.3623997558120722,0.26454804614291655,0.18449226326561324,-0.5164752816897128,-0.21635381679428772,0.5395915974436136,1.2257157845404536,1.0660815679600355,1.5033387090639556,1.3123560076719363,1.350838327021955,2.536098818162546,-0.5715730835690329,2.802266705601915,2.0557844929667746,1.1168240138284338,-0.9885317021176235,2.1572146342919227,1.8376380257246046,1.6184169060168447,2.0100571012782913,0.8575534835381091,2.4826781417472397,1.715054424514154,0.9153364504125213,3.17781688655089,0.2778596381211134,2.892895560948873,0.045809159861639394,0.45511674045108175,1.6101798826057248,0.5640206190367546,1.0078094090876268,-0.26958986320565903,2.373663410767519,0.7557634922926676,1.54115524839919,1.140844935948769,4.017718200478436,1.1954778096018772,2.564410782030188,0.5310015425366038,0.766583441689485,1.3374903240279268,1.600426495133634,0.8086720055213918,0.09536552506824218,1.4367706149044677,0.23776090254974444,3.1500267165117433,-0.0890048856193093,3.3788102248251843,-0.37654139492022504,-2.126228743166609,0.6065723933360303,-0.7188960653327647,3.544080770243845,-0.13447639105615447,0.9066062976033078,-0.00590460031698155,2.8593819814989336,0.8954105043398422,1.0856982799683113,0.7829551282850724,-0.6968986354942115,0.44849090114671025,1.7182450704219232,3.3371881456359684,2.8205879346210767,0.38728565787328695,3.3678061578077325,0.9311842392930835,2.6706753104071987,3.35132870206927,0.6441368710184366,1.9727697277917389,-0.4164624137927105,1.235094237139629,1.295240675004795,2.8653730649256297,0.9414775685584593
1.253461217365705,0.10182869760773083,2.3215914083776616,1.2157342864327165,0.1866510883309463,1.6131353546115776,2.2573329207506085,0.392632677546947,0.7039526256530062,1.3964942068470882,0.8120192092809762,0.06966716542849564,1.4449680549350488,0.20473265379114952,0.3918127788262615,0.00035157559424161514,0.2475105905638108,1.193836978498837,-0.33097065275887205,1.4535324175073288,1.0821329250597445,0.830558968746688,1.6054225225820944,1.5066878080636368,1.5029139484496772,0.08105994070828774,1.2657555461577488,2.7068617535965283,0.2056861457637598,3.234724218842326,1.7498753470664599,0.5543980548696819,1.9897850078463892,1.0182568499411697,2.57342223682492,0.6329183624955252,0.5554885757692901,1.1248947898968302,-0.34590654992409287,0.00996731617474201,0.3771249414245896,1.8128895428105052,1.7270171863031276,1.3355955553946466,2.771738177522247,-0.16332607739771687,1.9615239066450434,2.396522149147189,0.40934781981090557,1.275285395170149,0.597370151884185,1.1120929548339953,1.9071589607995187,2.061096568674529,0.9589283120488943,0.24000919867109471,-0.6774320442792304,1.8116241757899527,2.022786642595449,1.2958965709815975,2.6023182175778663,0.7754027194828469,1.4933346017598728,1.4917013761048687,0.5580865103440905,0.18307946607797806,0.1275311773260123,0.9887859446680626,1.3284228751735785,-0.9343328758316768,-0.055061836598255066,0.3148284023239674,1.7102175105112636,-0.2721164418290479,1.6900219747580671,0.5447280558417646,1.1187755303518698,0.8317791598602746,0.6520445308756065,0.6393792200209196,1.416807477715285,2.2558213201884136,1.6630334360949326,1.4273864995024215,1.0120554444949157,-0.30676029931381543,0.13255116837199898,0.8117534557467413,1.1933331199209527,1.1480001691703174,1.8643772073799125,0.7172826136788463,0.6357206391845333,0.954272015419168,-2.566886538598839,0.8537252043691791,0.18852899292007555,0.94606433653006,0.1511311408105046,1.4043939860709675,0.53001283983351
1.8862357892411634,2.6898521520240655,1.9441134467893548,-0.2987162470080125,3.1850070814591374,2.7932418558032093,0.9349588407457984,0.31810864170433373,0.6259881756107868,1.1524680226452348,1.3121007759400785,2.0878624727976205,1.4061195435981935,1.09309226085225,1.475568296621886,-1.221977858548933,2.0121833026511236,0.5454043740375536,1.068000248847066,0.985659696329125,-0.6743884891775422,2.322867091674529,1.389502579703502,-0.00918835646032604,2.730186560628239,1.3295445667781172,-0.24760866005475743,1.9451044629068739,1.9574311706397016,2.1830680339874675,1.27364185332533,0.45581147091659574,1.7802705910072145,-1.2216759490318152,1.6093547597744788,-0.06002647989892738,0.15699460844375013,0.41480519597753585,2.6645530174604777,1.8243246589675521,1.9699064419201726,0.6039899223885423,-0.39928309463051354,-0.4859833838038017,0.20492346950854753,1.947053470221093,0.9763075087454152,2.8962279542368097,3.117702983623265,0.6696660875881111,1.6919936086558636,-0.2233713867320762,0.8072066579140645,1.0913551750533526,0.9881248466279411,-0.12483539109263793,2.1729292782357432,-1.0860547001370389,2.630701189347203,2.6244250324337344,1.7277908306111172,1.752839722816929,0.3385269111725905,2.9838610113034827,0.7168219144341007,2.3876411307319003,0.9327374369610516,2.122964437105098,0.3483736116320713,-0.8143397381597844,1.884730407576163,-0.9006064205102259,0.519510540365931,1.0814283155097182,-0.11503432483908839,3.208130810015271,-0.10228281277196799,1.411321785390642,0.7534776619800692,1.5230087327137847,-0.8152323620391104,1.181193820571146,1.1440273689818117,0.5390065307129999,3.332971719358671,2.0718747780841795,0.47961010953379807,-1.3392969621029,1.8356689673952449,0.5800144599331233,3.3425308599109633,2.1163314540493774,-1.1105266390853064,0.24390306396524233,1.237609816631446,-0.2497735832527252,3.1235838142974144,2.132450757969211,1.9081302727844738,0.9594025863187893,-0.21195439824791254
1.2907912980276464,0.4621765892918852,1.4420827942311387,0.5939267339447221,2.9157287985940674,-0.3540612917206862,-0.28010399194597196,1.1743899553692079,0.07478640103198478,0.6881576140962278,2.1306765699523638,1.049649345646604,1.8586973092778416,-0.1351201278542448,1.7540899590033576,0.6741556936142797,2.100080983595462,0.9965825142725132,0.3873956947433172,0.6575528170167414,1.9286506469186335,1.9125684373655363,1.1638776795398518,-0.17630620403535438,-0.16446733764647914,1.2769586581967667,2.130722014879959,1.5607856788439913,0.865128528546613,-0.378543072724448,1.272148433340807,-0.019142981547416837,1.211294657368387,2.1836860296915828,0.905954748902087,-0.10470391209116076,1.9710577225893682,-0.20672851965590755,1.7981164920636585,0.10200276440295777,0.3999079951021416,1.345086870369326,0.07748708733448874,0.17825621088145877,0.05708814052100919,1.2284073680470806,0.7233510148871909,0.2669448799199241,1.538003509692163,1.516818001314354,0.5948447696022531,0.440341026827297,1.6453507955564302,-0.5415448772104413,1.0516063908958926,0.993010234711281,0.9800019907260239,0.011494795285202548,2.385618069063381,2.44344074220055,1.539983722439875,1.1047877547928115,1.831326949465851,0.08336555122231036,1.3923967450276107,1.5286018811674673,1.1467510436311168,-0.018591880544479973,1.5704843561331967,1.4742098053868644,0.9221779105552871,0.1910290266882436,1.0837237222304967,-0.15935235787599417,-0.28224726939676553,1.0177745054812797,0.7972765969958232,0.4816439262309681,0.4626222060236755,-0.03540339050662647,1.086899285103242,0.8543382288300643,1.1855082065560574,1.0623615242276476,0.984805909619859,1.9424142644103761,1.6663578561170946,-0.4421134653947259,1.232057160131966,0.36326471107589503,0.8344636483396214,2.1483938984821473,0.57429238179216,0.2806554054917897,0.8580207506708631,0.04071633473768404,1.5821513734645234,0.5528114686449256,0.9578737523901657,2.1438060718347423,0.6545993246131045
-0.3482840473440699,-0.3235472575166476,0.3904698560051481,1.755436598723288,0.7605212543587561,-0.1549717025120049,0.5774408678312203,0.5791327948007425,1.7118215641228047,-1.9206188576439176,-0.5996527957585627,-0.008627157506141238,-0.8126359434952475,0.6122852968040088,-1.13069204108488,0.13048044637548245,1.4534356139610705,3.190551348089946,2.1981487228255734,2.2262052258950726,1.350087830513409,2.0033897423921045,-0.5718382415333273,1.6694315156237447,1.2018136782389064,0.7057141694261939,3.1465390750982944,0.4653550738298193,0.690214661050832,0.732615803257696,1.3482059884011326,0.19179579960804993,2.5738945458990066,0.035874617388328096,0.723620925815953,1.5513782768833506,1.660729567856333,0.04375985733232551,2.8725795324840226,0.3299965375062585,-0.024852475101751176,0.6641187742801702,1.0997451476432576,1.4356884339810208,0.13366055276632852,0.6423861178177633,0.04141341817647462,2.1058240299910818,0.6613563716493019,0.08402645950113893,1.2430902974663713,1.4884492626148345,2.1226834981275218,0.6751010645448267,1.4409465575512246,-1.2894193087696812,1.629032071339558,2.5663913458600645,3.975504916653437,1.155146695879949,0.5483800130728279,0.3366166123159156,0.9761304029348905,0.8444087845078608,1.0320553885013362,0.6442362835506503,1.5650641491640096,0.643968204378789,0.2049547775712679,0.5882857316410443,-2.339924793820588,-0.36038781872853415,2.836707853278747,1.3287478840372533,2.6163779274801833,2.900377596064554,4.2186129358323905,2.0393421378039793,0.2860754712728901,0.35269447653845376,-0.4363492305649932,1.1317665012994382,1.8759981696374015,0.33746184974181154,0.8689164398314632,0.27048527991779125,2.6671160575071533,2.2557089236959684,1.4311822179713791,2.490748472077312,-1.1122854030378975,1.7089439532818844,1.3808328895439181,0.8027853130241431,1.3242172849336225,2.241389730939706,0.7114467946743261,0.7132988293434631,2.06232846922784,1.8680266215409775,1.7733092394784495
0.9716758307609147,0.29316005507688775,1.7074281790586479,-0.5206770729659599,-0.13496488840868015,0.07072244340666789,1.1835450273320558,2.607417544325329,-1.4467779068747535,-1.5510835860133454,2.4992251073513896,1.7832276088810237,0.921146249251237,1.1789020030316768,2.380970529923276,3.4286648453846356,-0.31395390152338903,1.869130463223622,1.6053426705371874,0.6979255054145757,1.3762299442380148,-0.5972835512216766,0.14658572557658714,-0.31222710919183116,-0.1576819374157034,0.5483133981938068,2.2638959968032215,1.1038441487954667,1.482659880233518,1.4199974744742911,1.341180364644878,2.5138408266679404,-0.5729389760720174,2.5212756901672337,1.315621392440896,1.1035836489607191,-0.6122672369626929,2.2294791433744634,1.8622981463959127,1.3042741919474472,2.1327143471316363,1.1144607992927535,2.428011169689056,1.0710525922001133,1.0683756881965545,3.3098348131950206,1.2199065254000028,2.9363260547288785,0.007170703999219942,0.6830286422613668,1.6901758530933577,0.5679371798363826,0.7336383898666563,-0.1895070980234238,1.8776220849496035,0.7809158432567025,1.638663986707935,0.7246356365784009,4.0468933709776636,1.4347643963130843,1.6376634325793136,0.61600337705457,0.9350622339762718,0.9188559654953571,1.5583634216424511,0.8068436420767273,0.20024126814334975,1.4421054590801292,0.2500260197855235,3.166251123165628,-0.08040495367201457,3.4508021396836486,-0.44607064234538507,-0.7032353018995192,0.16597425633084187,-0.6177802101843337,3.653437991406477,0.017405931530591067,0.8598302034333853,0.11140657065685355,2.9964636709626666,0.7066901027120112,1.1546302811117501,0.7638074937054226,-0.7298237670295175,0.4802096952023279,1.5887856565266425,3.311309043367803,2.6674635744818573,0.3680668751455786,3.557901514790865,0.907635625660027,2.7500969229907586,3.4596037572828964,0.6346764947013456,1.9931342278788224,-0.42948995695812814,1.0220573320563897,1.3266903456484034,-0.2357011355573703,0.8625002483142197
0.15665477475485876,3.0233058161611237,1.6400695114788886,0.7806068495441559,2.557796484322905,-0.08684195884663148,1.851675855018536,0.75413083397689,0.6413011133259652,-1.7429087682003574,2.9754511864384274,0.09095420283995197,0.9962114729060014,0.21294711397665783,-2.236714766137812,0.010157122655201719,0.7352845810672575,2.0892148283795273,3.4318082585517975,1.124079622082801,0.9326117145836549,-0.07775963103088027,0.18177009680574066,0.938222237477794,0.6371159746559851,1.3435689228589733,4.512698767991782,0.4453025187257032,0.8314677787752395,0.059951732862187426,1.3436802549143938,0.7545530856902597,1.036934226625875,-0.4532123374264512,1.3371388535498472,1.6377432304009605,0.534278887071321,0.3646387143263551,2.729296736198614,0.3416135356355257,-0.12874577174282212,1.0956829537933956,1.6553270062243313,1.7296551310537776,1.9741399844419754,-2.032579242855897,2.0364607206876224,2.0594732629644787,0.18201552532902035,-0.17049293978596214,1.0477295014531995,1.6818307688472178,1.03950938144524,-0.2882632755985995,1.9656928508951317,-0.24615084638066898,1.4010571492322523,1.6941170154963394,4.0351469270399205,1.5723792787931998,-0.7500524760820106,0.7518097424470246,3.164556407819003,-0.5003752448583589,1.0870915578336673,0.8228022340897351,1.8050980623709068,0.4781223424606801,0.008817274162966227,0.5529441904456489,-2.181839981902744,0.09670021147396177,2.485402427758383,-0.04719533847727286,1.939612869670816,2.9214535920383318,4.498553620296028,2.3450750431746035,0.41181841950189696,0.5789950717026581,-0.7928958967797057,2.818256937853762,1.7766811141813166,0.52044111462594,1.191683104906995,0.120680494699567,1.4141620367289465,2.286966542121923,2.149760895446123,1.8613694999792236,-0.038392619701272175,1.6926744287242481,1.2505123113068688,0.6862817556237669,1.6882464532759047,2.4137140158043238,0.8008813418573222,1.7311852397488743,2.035947467259167,0.10646873156136508,1.4609195152964316
3.4064722758109904,-0.24011470594655643,1.6015605539226496,0.4542718531637583,3.3192899895010264,-0.037780632940513426,1.1687931023412867,0.8717746212792337,0.9602322297328072,1.5695527249340817,1.3448726442237862,0.007874707762164456,0.8324506855214268,-0.04452760244537603,0.5401667175298935,-0.5304103240717405,0.08939760285389313,2.2589253618901077,0.6967043727689222,3.041552222130769,0.8285012554887569,0.5013594301520936,0.684316075486012,-0.15234489267934298,1.570568950186378,0.3581451020656053,-0.023269414532187206,-0.2244750217120265,1.3472440806288106,2.320918234694192,1.6365177980258754,2.4934840133430245,0.305235941633319,-0.5151137537971426,-0.17327004229464543,1.288157985984997,1.3291404177693198,1.965325385939229,0.8721462712054607,1.0695943022671386,1.4094226871860982,0.419211105905675,1.7535566323550396,0.37986455195475216,0.7551915225945868,1.2896416171225713,-0.43829676362498593,0.37670808282381296,0.6064443222084736,2.0048137933693075,1.637661181945899,1.791694042363167,3.348909340810956,1.954226700049951,3.561992946389147,1.9688843474534172,0.8702689103326846,1.8206540791267107,1.3749966145344619,1.355334764589668,1.6182193018710074,1.4592223743774961,0.439544853801442,-0.7579213730666473,0.6672578763225465,2.71455316280765,1.727730047215475,-0.7367370366318163,1.5368831857490695,-0.9544975585198486,1.5888139089303137,0.8665650044995977,0.367980530449776,2.1664496018518538,0.27519487345620064,0.4447912037116848,1.6468997872500957,2.6469780978445407,2.5642338177883475,1.1779167791284024,2.945426500923118,0.8395864004401669,-0.5965551479941106,0.5345447742544275,0.9062724013813879,-0.02802316771116465,1.141806287732257,-0.4974495466834544,-0.6770924249427197,3.2218127322224253,1.264037595825683,1.4453713932510293,1.504893294148468,-0.2746418813625355,2.455443241028654,2.1441332405813744,2.5170601057965984,1.9802516490401612,0.6908196079605139,0.6950482179583343,0.3714329121014005
0.3418077959970074,-0.0914853072482088,2.1383959728497963,1.9218303050567602,0.900145880960053,1.2475775320620281,0.797555438026653,2.0324118679685608,0.7712587777600618,-1.446555497655474,-0.9250252576143212,-0.1134656184447665,0.7455841525595872,0.16077896369429864,2.9690396635005802,0.3275691442999595,1.7089139573755783,0.6112852317758615,1.6526636207903154,0.9309808446823672,1.6503215018482549,0.4392171512538838,-0.7209119702126664,0.43172088741924497,1.2190184980214984,1.1193187603320507,0.20408370132382936,0.10232780414565404,0.811815755271535,0.2201374555277946,1.159856927696036,-0.8463494827767403,3.5293584851198325,2.7804656100713148,0.5217209629780525,1.5000430189846543,1.3202889992608156,0.5410035533831494,2.6909966593514225,-0.1883798719985752,3.214974993630571,1.9493309453310121,1.6892323930817594,1.3394262609920942,2.149321236996061,1.889420403472418,-1.4549043416227652,1.966961620416194,0.4173933192946265,0.06320975543904658,1.0413287568870857,1.8966173235150934,2.358636222655346,1.4744168058018565,1.6509396944057024,-0.8820203272423845,0.06249352005871578,0.3742078162496312,4.088522899272109,-0.34351006865608136,1.739690019058508,-0.05239541197702238,1.7817431329349946,2.9486906646793667,0.831328920486656,0.7016819466981805,1.9719829679182248,0.6908192621932759,0.49388718522871905,1.2882038433836667,-1.5939654253308266,-1.1776535688567151,2.727734997231777,1.563039364703282,1.283097629111437,3.085902574444116,4.031978572156637,2.209897544309524,0.766637554351355,1.6401302435687801,0.3270282328206878,1.7167984118831319,2.2628918335007033,0.32879969753309857,1.0264577200506864,0.49720790170126083,0.5026799331608659,2.4438371833815613,1.2959206900139981,2.8766504860342996,-1.5589712572322147,1.7734801987647095,1.8141205787501204,0.8747648370585179,1.4270404353244257,2.1952216560105025,1.1400600031460006,2.2254395842136674,2.2098925007000334,2.4950052709919244,0.13681845185145175
1.3750221082032315,1.1289858104965094,-1.6578910395883146,-0.1815270028390578,0.5118437403789684,1.010903189897493,1.6295004993161557,-0.9146749805532274,0.9243652162279271,-1.1926841809149,-0.587910986114173,1.6471224423687771,-0.042371651887264807,-0.5501337952442061,0.3919808971601657,3.818638739862688,0.6846405943731553,0.9598441100239712,1.9852886968906311,0.3814744237326448,1.4436496426972758,1.734575948426738,-0.34855250874436705,-0.44754088105078804,0.1452973951660871,0.46924504720753535,-0.045277814444849,0.9866252018132211,1.5049695025636705,1.8011532344426338,1.478046159408162,2.671260079030022,-0.8878836180136558,4.190953294791083,1.5207308642152881,1.2583803108304403,1.3828809074540176,2.435188357048655,2.0164031900768973,2.065948204798511,-0.03035972339919004,2.447067916708929,2.441673738547901,-0.5673798548198037,-0.33280972454977364,2.474482374867253,-1.6486820327811058,3.0501576429435913,0.20641599398113572,1.3632902653716206,1.617903490232482,0.12420914009957475,0.19884754717895964,-0.5010706307899115,1.8997079112862427,0.5809760514590675,0.09593003891565512,-0.3148637986447661,3.993326102301735,0.8155111704497756,-0.35857596688276566,0.6846508816871311,1.6215041710403113,-0.40932681134487825,1.7861908998685447,1.3643193176095718,0.12693602969260398,1.5736754824767814,0.3169765265209507,2.9357344360599607,0.10132784550874181,3.393299283354376,-0.5796642750760549,0.7969483604389924,0.4176935928279598,-0.3421950825723617,3.4903276451775676,-0.08630409263566444,0.6529012515417,0.84449563693391,2.791781908529948,0.4095756104648481,1.2658526478250554,0.713787326681247,-0.960663527521614,0.4373109960043047,1.1841702587719751,3.0459727405066124,1.5565996714023318,0.24370474793351043,2.8421861352236024,1.0553328836353044,2.800708880211033,3.6136207472033814,0.7576714430740396,2.05221863512348,-0.35973824172676705,2.778088670413649,1.3112283109684095,2.1111736767600844,0.008781464508264331
1.5486986026377272,-1.6012253262646243,0.47726785638687697,1.1287561176578607,-0.7127471402074229,1.5255020438997964,0.9916761428557314,1.4682719317403259,1.1249569604048502,-2.3866569262647723,2.3872590959021247,0.5774190762203286,1.2247070282694874,-0.14807017909485223,4.11891231081113,0.17615613606237196,1.69897468013048,2.959857248098783,1.094896024698128,1.1157978956607186,0.8138306306598393,2.2343331652249274,0.8065857918101186,1.1738109775999284,0.3422258458391957,2.4378204067330773,1.236035737775162,0.4688980533415441,0.979844678571182,0.3521627903329512,1.3662157790837133,0.5014564750692257,1.321061763921999,2.383727080711112,1.6135217183083896,1.3372393422810858,1.2568118609266572,0.8397904606787232,2.4779546771782783,0.3768951876965847,-0.006108544677155222,0.7243954233799512,0.8838699131295384,1.233628915838622,0.77535553152793,2.4922429997146507,0.3721599337860063,1.9209380883512879,-0.10801175169937462,0.9040912985288574,1.2404633233573168,1.658813491729876,1.162187252664317,0.5391287229836719,1.0588894350093825,1.0234235907085822,1.5132338493168807,1.8372123295629947,4.203642851071031,1.3770717065907092,1.7235371761092193,1.7112991040126027,-1.699323994756309,2.4300030600712472,1.1462430320839085,1.3480655174145746,1.4816728988110082,0.8865478834269804,-0.16021992084631578,0.2746398019935234,-1.9414915465733038,1.1500884715664375,2.0309824069927274,-0.3448848769851608,2.539066351034921,1.9523759289350695,4.004853394047806,2.700192472212399,0.08868748827763971,1.151062016959751,2.1823630263365956,1.7676296042840065,2.1534241538782273,0.9965421334198358,0.09106295494026495,-0.05418641673895538,1.971717387685807,2.170003262887825,1.4069504489931808,1.6671125842537966,-0.5911004434595082,1.6506515066191203,0.9900754077757127,0.304639755548155,1.175117238499338,2.792902125773548,0.2908771801906867,0.2732013621890438,1.4558576117052586,1.6207487129844553,0.2901500865645498
0.9433223909323976,1.1556266698626283,0.7168367804381744,1.5870313182899909,0.5290620807880277,1.966846591654021,2.7794052668777245,2.51503354705497,0.5711772564546389,1.5299184531139691,1.577127071624607,0.9679173813275447,1.9286938289240623,1.8689367786865767,1.2402317764685442,0.9892693629649777,1.838630585853903,1.1528455846944392,2.27399033527308,1.7303610063296606,0.7402919363003493,0.7481955802211365,1.900390155391836,1.3758744402360206,0.8481770723961948,0.03563681856471353,0.4810475898620448,0.34898505284441084,0.6091142489850124,1.5512023680795777,1.3144174012343643,1.4471647145110458,1.1802704394267394,1.3660860752670803,2.246752773634811,1.7476898642463055,2.453525032315157,0.6809983518532629,1.2170424662312365,0.6551878614300584,1.1718558740566316,0.9393145054267731,1.392668664664856,1.428369217764881,2.0661718482415505,0.6095259566784347,0.3617303251388157,1.0943936284963165,2.2342350600752505,1.6380270781580066,2.0717658189173047,0.5660994372299331,0.8674947477631286,2.417702128714268,1.477840486968856,1.3244035317272578,2.026483596209502,0.25356515761607884,0.3856323168520844,1.6200423488464901,1.3000670794609346,0.8538512372841389,0.7477071423661292,2.2214370420242524,1.2421013728872878,2.3807136114096226,2.0868446498171718,1.4379676759730056,1.5121604465956644,1.8667643592416676,0.7097717269681368,1.302813461337534,0.905036712734196,1.286105396700407,1.5655074861287823,0.8658947005697633,0.6672518134242298,-0.15003152120644625,1.5212781679910539,1.5356002031397447,0.63289938125379,0.8624091146710492,1.0958505531976066,0.4712550083413867,1.5619713784409586,0.9595315310429835,1.1520179858393254,1.2144889251255337,1.2170105191444465,1.5344734734878738,1.1837788076564946,1.1704522264866835,0.6400313859006076,1.2357277663035982,1.5072721280565833,1.4200603812345813,1.5085217505958426,2.0466766925554247,1.5522736893293323,1.947822124935679,1.3770172366322972
0.8519199532442744,-0.09034579646116275,0.46663070043736565,0.2685245447016936,-0.5806866007513005,0.21161409746724275,0.5994856414669698,0.3682676761224292,-0.35639487730234,-0.22797105349394195,-0.7891221284976359,0.3142751925883165,1.613864412665432,0.6410899060183286,0.6983544773651766,0.27086764458455964,1.7687688579643956,1.1358530383092014,1.3178726945331996,0.5228819785691726,-0.07577446086077907,1.7121329394678377,0.5473980160306758,1.7092604771723956,-0.05942036875886231,0.6068644718647649,-0.9176461420313226,-0.6218699239794384,0.7993756745538371,0.7076393505399725,0.43145904924892836,0.31315798762779623,-0.8758498525890097,0.19806076556033705,0.5863191631139569,0.3711972139616869,1.775138392867057,1.9226928208219662,-0.13946536365846815,-0.6653861521928517,0.4037392125212919,0.15604761128123917,0.055275102419550956,-0.4563695741354384,0.755719063785364,1.4563142931744375,0.27608999665238426,0.7142497020608083,0.45456340170240334,0.4223066751480718,1.3909484571707014,-0.11187838114291435,0.10549279566016398,0.7038716314135528,1.6406329512752775,1.0945360612293602,-0.3316783270469575,0.2692141089588381,0.9222310384167997,0.5956375101019544,0.2949116151134829,0.5598726658473435,0.6788535009512201,0.7878176415386091,0.890390435865665,-1.2193498053182559,-0.7548185208451148,0.34643678788354476,0.45432493274382096,-0.6162767230979617,0.9191907256442989,-0.17453022710686417,0.4804542853732978,0.19695935852921528,1.8341412560598571,0.39270401187995346,-0.13168935393147796,0.48378643532723115,0.6677322981225919,1.0022640848573274,0.1385953424134908,-0.4839852540001393,0.4755238345965377,1.3391517423494965,0.9780062085047998,0.8131977182357252,1.4871104676703693,-0.3784355667673479,0.8919079014289065,0.015683555519902255,0.6893748598411624,-0.32833076448717574,0.6580253585326193,-0.34506295881523075,0.9543690605747356,0.002495710630612066,1.024824099923044,-1.4834331057268024,1.1675414064374274,0.7710494664526896,0.7053398250996872
1.031847350374557,0.10557783594450505,1.8045069937988294,1.1612090712129413,0.21682555008729848,0.27700918686043957,-0.0976052056987169,1.5457354260986604,0.2966391284524338,1.1978102261966037,1.631229160955064,2.500007164326561,1.4073584563560022,0.09082703214907989,1.0754054182397068,-0.22782861144876734,1.7565875556100519,0.3599289506559081,-0.7824591767193935,0.7776352846903852,0.7452848090083021,1.856005521834274,1.2915945512729134,-0.6946662852687318,0.14863771500571013,0.5633923807765138,1.9154676587060688,1.0739988103381999,-1.3221044237100663,-0.5268637537307052,1.5901112965186928,1.7049968285092068,0.2118439474506639,0.7839666575081324,0.36275418746340177,-0.0018661048868454883,-1.2181063997041068,-1.5377763965277575,0.11591730089486293,0.46160418844910867,1.1547745316594495,1.2069871316377663,0.42120371269674284,1.604476762242131,-0.4227376993719872,-0.2831095507172731,1.5215280857542344,0.030098815036466005,1.3380769515043633,-2.144656688816257,1.390249820935574,-0.28388495981572215,1.658264876246838,0.6564464645666326,0.6841667993839082,-0.6000930886167836,0.9480997173313152,0.35729594713136426,1.8031735528083455,1.6887948742220695,0.9521964785634608,0.8326155669721028,-0.6125653624476691,0.29376248034976493,0.9570906735233102,2.1194012447359527,1.96950774521182,-0.7387243087292856,1.0311418506607233,0.7784869452419826,0.8244215315710524,-0.052277447968005875,1.53803017872427,1.8003847889778097,1.2366150917995549,0.08238037211809587,1.3788523778047255,1.5671969081220944,-0.3360137942069215,0.03745750478526699,1.3682999053570548,2.069084765996999,0.8333969839811384,0.632549308769278,0.5468225482145299,2.408893631267527,2.2815522541136626,-0.401151272916427,0.37491452178318585,2.517535681999355,0.25191820699015816,1.9973561567750444,0.3843772701465654,-0.339103153852531,1.6833343025432668,0.7471405631788703,1.656008553040352,-0.2693364152021729,1.1531384524868509,1.4450014077751612,1.5895635940349142
-0.26771356243659433,0.28157915065794076,0.6958508843081448,0.5941523581374202,0.024132451788916338,0.698723697533221,0.6561571471690917,0.5176582252333799,-0.07233774487173385,2.027432518015858,0.4122438333525226,0.9760766344189027,1.3246471595456644,1.676227937338058,1.2835040716501342,2.3631044038816276,0.7244345669065371,0.9761757858102369,1.52638335997095,0.758617787206876,1.0382743366723886,1.9235710107630002,1.3881333745887612,1.8925316616681749,1.1663824620433045,1.1025190836261283,1.9263286902672279,-0.5442801298891924,1.322438405768048,0.8568157981877453,0.5825537124635555,0.7484610732211426,0.83743967584692,0.5454861985170097,-0.37086492746670846,1.1900001605462576,1.4387196068570387,-0.07696659613571256,2.4317038114372163,1.5800447943041485,0.3807941331886373,-0.38798625747007437,0.9869642258167134,0.7848005318255656,1.1025278497642255,0.46996429361136693,0.7212770419881113,1.1927430762238436,0.11296144331982433,1.4548738863935518,-0.11655628142797253,0.6951663135967688,0.8915356349782546,0.739375124034664,0.42834359423574736,0.18062897232219768,0.16051340227683117,1.201187855597651,0.8316711127222448,0.34413516822442847,0.3623968048729164,0.36115166263841414,0.9922418668271596,1.3918142967254166,1.468147629669483,0.550809907871623,-0.2446571372499073,1.3556012769602077,1.741373401940838,0.952576659556886,0.99196438970996,-0.345517421492834,2.1785254496977084,0.2654713460094483,0.03760260675965268,0.7512542385318304,0.554443838811652,2.2173770067708833,1.1640928488439213,-0.2921397306804768,1.4241790479732277,1.8476191034607636,0.9766319047748984,0.7376842820247956,0.1799395220959776,2.143773367516761,-1.1340110588674486,0.3070284757426378,0.10879565333392484,0.7025862604703283,1.8884207041015437,-0.11906643351455713,0.9933476396132683,0.6627488538399577,-0.19070867024486018,0.40801623251572683,0.3406984975494079,0.7873051117197395,2.130893973483184,2.5174347047010652,0.07918855088392035
